NO,NAMA PENGINAPAN,BINTANG/NON BINTANG,GOLONGAN,JUMLAH KAMAR,ALAMAT,Latitude,Longitude,X,Y,,,,,,,,,,,,,,,,
1,105 Losmen,Non Bintang,Melati,15,Sosrowijayan Wetan GT I/105,-7.790382,110.36593,430089.3909,9138823.194,,,,,,,,,,,,,,,,
2,51 Losmen,Non Bintang,Melati,2,Sosrowijayan Wetan Gt I/51 RT 013 RW 02,-7.790211,110.36412,429889.7894,9138841.799,,,,,,,,,,,,,,,,
3,Abadi Hotel Malioboro,Bintang,Bintang Tiga,85,Jl. Pasar Kembang No. 49,-7.790189,110.36325,429793.8584,9138844.087,,,,,,,,,,,,,,,,
4,Abrakadabra ART B&B,Non Bintang,Akomodasi Lain,6,Minggiran Baru No. 19,-7.820833,110.36107,429558.6196,9135455.81,,,,,,,,,,,,,,,,
5,Adaro Homestay,Non Bintang,Vila,2,Demakan Baru TR III/765,-7.790391,110.35188,428540.2192,9138819.849,,,,,,,,,,,,,,,,
6,Adelia Homestay,Non Bintang,Akomodasi Lain,4,Tentara Zeni Pelajar No. 63 RT 006 RW 002,-7.783499,110.35843,429261.276,9139582.911,,,,,,,,,,,,,,,,
7,Adem Ayem Homestay,Non Bintang,Akomodasi Lain,5,Suryodiningratan No. 913,-7.818357787,110.3607297,429520.6872,9135729.406,,,,,,,,,,,,,,,,
8,Adhisthana Hotel,Non Bintang,Melati,54,Jl. Prawirotaman II No. 613,-7.819821,110.37219,430784.4695,9135569.538,,,,,,,,,,,,,,,,
9,Adya Nalendra Hotel,Non Bintang,Melati,15,Jl. Trimargo Kulon No. 94,-7.779148,110.36407,429882.4375,9140064.883,,,,,,,,,,,,,,,,
10,Agung Guest House,Non Bintang,Melati,11,Prawirotaman MG III/609,-7.820158,110.37243,430810.9858,9135532.32,,,,,,,,,,,,,,,,
11,Agung Inn And Tourist Service,Non Bintang,Pondok Wisata,7,Jl. Prawirotaman No. 30,-7.819057,110.37151,430709.3711,9135653.892,,,,,,,,,,,,,,,,
12,Agung Kencana Hotel,Non Bintang,Melati,30,Jl. Menteri Supeno No. 55,-7.815849,110.3798,431622.851,9136009.913,,,,,,,,,,,,,,,,
13,Agung Mas Hotel,Non Bintang,Melati,38,Jl. Hos Cokroaminoto No. 108,-7.791195,110.35397,428770.8017,9138731.314,,,,,,,,,,,,,,,,
14,Ainard Wisma,Non Bintang,Pondok Wisata,12,Jl. Miliran No.14 RT 014 RW 04,-7.800715,110.3878,432502.4561,9137684.368,,,,,,,,,,,,,,,,
15,Airlangga Hotel,Bintang,Bintang Satu,24,Jl. Prawirotaman No. 6-8,-7.818848,110.36898,430430.3946,9135676.581,,,,,,,,,,,,,,,,
16,Akur Hotel,Non Bintang,Melati,23,Jl. Mataram No. 8,-7.793972,110.36785,430301.6862,9138426.612,,,,,,,,,,,,,,,,
17,Akur Losmen,Non Bintang,Pondok Wisata,3,Sosrowijayan Kulon GT I/183,-7.791103,110.36333,429802.8315,9138743.051,,,,,,,,,,,,,,,,
18,Al Barokah Hotel,Non Bintang,Melati,20,Jl. Balirejo No. 27,-7.797191,110.39404,433189.9074,9138074.962,,,,,,,,,,,,,,,,
19,Aladira Homestay,Non Bintang,Vila,3,Ngadinegaran MJ III No. 21,-7.814342,110.36394,429873.9632,9136173.916,,,,,,,,,,,,,,,,
20,All Attar Penginapan,Non Bintang,Melati,12,Jl. Veteran No. 218 Pandeyan,-7.81589,110.38518,432216.0256,9136006.25,,,,,,,,,,,,,,,,
21,Aloha Hotel,Non Bintang,Melati,15,Prawirotaman MG III/573 B,-7.818566,110.37221,430786.4677,9135708.29,,,,,,,,,,,,,,,,
22,AM Penginapan,Non Bintang,Melati,6,Jl. Ontorejo 2,-7.803286,110.3536,428732.0511,9137394.503,,,,,,,,,,,,,,,,
23,Amalia Hotel,Bintang,Bintang Satu,20,Sosrowijayan GT I/108,-7.792013,110.36532,430022.4022,9138642.775,,,,,,,,,,,,,,,,
24,Amarilis Homestay,Non Bintang,Akomodasi Lain,3,"Badran, Gg. Wijaya Kusuma No. 3 RT 42 RW 09",-7.787669,110.35629,429026.0143,9139121.529,,,,,,,,,,,,,,,,
25,Amaris Hotel,Bintang,Bintang Dua,71,Jl. Pangeran Diponegoro No.87,-7.782986,110.36284,429747.4513,9139640.362,,,,,,,,,,,,,,,,
26,Amaris Malioboro Hotel,Bintang,Bintang Empat,110,Jl. Pajeksan No. 10 Sosromenduran,-7.795822,110.36467,429951.3659,9138221.555,,,,,,,,,,,,,,,,
27,Amaris Sagan Hotel,Bintang,Bintang Tiga,102,Jl. Prof Herman Yohanes No.16,-7.779943,110.3792,431550.8624,9139979.467,,,,,,,,,,,,,,,,
28,AMM Wisma,Non Bintang,Akomodasi Lain,6,Purbayan,-7.830131,110.40297,434179.6781,9134434.637,,,,,,,,,,,,,,,,
29,Ancora Hotel,Non Bintang,Melati,22,Jl. Letjen Suprapto No. 36,-7.798221,110.35661,429063.0746,9137954.983,,,,,,,,,,,,,,,,
30,Anda Losmen,Non Bintang,Melati,5,Sosrowijayan Wetan GT I/143,-7.790364,110.36407,429884.3018,9138824.876,,,,,,,,,,,,,,,,
31,Andika Hotel,Non Bintang,Melati,37,Jl. Kapten Tendean No.61,-7.807057,110.35068,428410.7388,9136977.097,,,,,,,,,,,,,,,,
32,Andika Putra Hotel,Non Bintang,Melati,30,Jl. Kapten Tendean No. 6,-7.801579,110.3514,428489.193,9137582.853,,,,,,,,,,,,,,,,
33,Andrea Hotel,Non Bintang,Melati,8,Sosrowijayan Wetan GT I/140,-7.790214,110.36405,429882.0716,9138841.456,,,,,,,,,,,,,,,,
34,Anugerah Penginapan,Non Bintang,Melati,5,Pajeksan GT I/688,-7.792806,110.36535,430025.8417,9138555.108,,,,,,,,,,,,,,,,
35,Anugrah Jaya Regina Losmen,Non Bintang,Melati,15,Sosrowijayan Wetan / 79,-7.786732,110.36392,429867.1585,9139226.394,,,,,,,,,,,,,,,,
36,Arawa Home Stay,Non Bintang,Akomodasi Lain,4,Timoho Gg. Sidoluhur 940,-7.788925,110.39438,433226.0856,9138988.875,,,,,,,,,,,,,,,,
37,Arimbi Lily Hotel,Non Bintang,Melati,11,Sosrowijayan Wetan GT I/75,-7.790818,110.36568,430061.8979,9138774.95,,,,,,,,,,,,,,,,
38,Arizon Hotel,Non Bintang,Melati,22,Jl. Jlagran No.6,-7.790767,110.36044,429484.1205,9138779.717,,,,,,,,,,,,,,,,
39,Arjuna 31 Homestay,Non Bintang,Akomodasi Lain,19,Arjuna No. 31,-7.80423,110.34794,428108.1508,9137289.177,,,,,,,,,,,,,,,,
40,Arjuna Hotel,Bintang,Bintang Tiga,72,Jl. P. Mangkubumi/Jl. Margo Utomo No. 44,-7.784965,110.36714,430221.9106,9139422.281,,,,,,,,,,,,,,,,
41,Arjuna Wisma,Non Bintang,Melati,10,Jl. Tirtodipuran No. 15,-7.814581,110.36363,429839.824,9136147.441,,,,,,,,,,,,,,,,
42,Arkananta Villa ,Non Bintang,Akomodasi Lain,7,Tirtodipuran No. 49,-7.818305,110.36596,430097.3378,9135736.114,,,,,,,,,,,,,,,,
43,Armany Homestay,Non Bintang,Akomodasi Lain,4,Bugisan No. 36,-7.793753,110.35243,428601.4326,9138448.249,,,,,,,,,,,,,,,,
44,Armira Homestay,Non Bintang,Akomodasi Lain,2,Pakuncen No. 21,-7.780645,110.34706,428007.0947,9139896.523,,,,,,,,,,,,,,,,
45,Arrayan Residence Syariah,Bintang,Bintang Dua,34,Bhayangkara No. 13,-7.800071,110.3618,429635.6299,9137751.321,,,,,,,,,,,,,,,,
46,Arte Hotel,Bintang,Bintang Tiga,74,Pasar Kembang No. 53,-7.789757,110.36223,429681.3197,9138891.678,,,,,,,,,,,,,,,,
47,Arys Wisma,Non Bintang,Melati,25,Jl. Suryodiningratan No. 29,-7.817842,110.36037,429480.94,9135786.37,,,,,,,,,,,,,,,,
48,Asana Grove Hotel,Bintang,Bintang Dua,36,Jl. Ganesha II No. 53,-7.792604,110.39456,433246.5152,9138582.166,,,,,,,,,,,,,,,,
49,Ashtary Hotel,Non Bintang,Melati,15,Jl. MT Haryono No. 29,-7.813598,110.35975,429411.8693,9136255.471,,,,,,,,,,,,,,,,
50,Asri Graha Hotel,Non Bintang,Melati,17,Jl. Veteran 184 A,-7.814897,110.3882,432548.8339,9136116.517,,,,,,,,,,,,,,,,
51,Astana Ibu ,Non Bintang,Akomodasi Lain,5,Ngadisuryan No. 3,-7.811336,110.36222,429683.8216,9136505.964,,,,,,,,,,,,,,,,
52,Atalie Hotel,Non Bintang,Melati,11,Jl. Sosrokusuman DN I/118,-7.793405,110.36683,430189.1268,9138489.129,,,,,,,,,,,,,,,,
53,Athaya Homestay,Non Bintang,Pondok Wisata,5,Tegalmulyo WB I/129B,-7.793155,110.35263,428623.3835,9138514.396,,,,,,,,,,,,,,,,
54,Atiep Siti Losmen,Non Bintang,Pondok Wisata,3,Sosrowijayan GT I/121,-7.79113,110.3641,429887.7371,9138740.194,,,,,,,,,,,,,,,,
55,Aura Hotel,Non Bintang,Akomodasi Lain,19,Sosrowijayan Wetan GT I/118,-7.789447,110.36382,429856.5839,9138926.215,,,,,,,,,,,,,,,,
56,Aveta Malioboro Hotel,Non Bintang,Akomodasi Lain,110,Malioboro No. 42,-7.793713,110.3658,430075.6096,9138454.907,,,,,,,,,,,,,,,,
57,Ayaartta Hotel,Bintang,Bintang Empat,71,Jl. KH Ahmad Dahlan No. 123,-7.801404,110.35693,429098.8936,9137603.133,,,,,,,,,,,,,,,,
58,Ayodya Garden Hostel,Non Bintang,Akomodasi Lain,4,Timuran No. 83,-7.817335,110.36854,430381.6322,9135843.781,,,,,,,,,,,,,,,,
59,Ayu Asha Penginapan,Non Bintang,Melati,9,Sosrokusuman DN I/171,-7.794021,110.3672,430230.0251,9138421.087,,,,,,,,,,,,,,,,
60,Bakti Hotel,Non Bintang,Melati,19,Jl. Hayam Wuruk 13,-7.794861,110.37239,430802.4138,9138329.073,,,,,,,,,,,,,,,,
61,Balai Latihan Ketrampilan Pay Aisyiyah,Non Bintang,Melati,25,Jl. Agus Salim No. 63,-7.804103,110.35688,429093.8355,9137304.731,,,,,,,,,,,,,,,,
62,Bali Omah Guest House,Non Bintang,Pondok Wisata,5,Jl. Kompol Bambang Suprapto No. 18,-7.790773,110.3841,432092.8981,9138782.929,,,,,,,,,,,,,,,,
63,Banana Homestay,Non Bintang,Akomodasi Lain,6,Gondomanan II No. 337,-7.805218,110.37052,430597.935,9137183.728,,,,,,,,,,,,,,,,
64,Barbados Homestay,Non Bintang,Pondok Wisata,3,Perumahan Griya Asri No. 18A,-7.820013,110.35661,429066.7507,9135545.718,,,,,,,,,,,,,,,,
65,Batik Palace Yogyakarta,Bintang,Bintang Satu,40,Jl. Dagen Komplek Taman Yuwono,-7.792061,110.36511,429999.2554,9138637.433,,,,,,,,,,,,,,,,
66,Bejo Nrimo Homestay,Non Bintang,Akomodasi Lain,7,Gowongan Lor No. 15,-7.785387,110.36576,430069.8181,9139375.398,,,,,,,,,,,,,,,,
67,Bener Hotel,Non Bintang,Melati,51,Jl. Bener No.9,-7.78011,110.35157,428504.2955,9139956.436,,,,,,,,,,,,,,,,
68,Bening Hotel,Non Bintang,Melati,2,Jl. Hos Cokroaminoto No. 98 Sudagaran TR 3/895,-7.79224,110.35381,428753.3366,9138615.755,,,,,,,,,,,,,,,,
69,Berlian Palace Hotel,Non Bintang,Melati,18,Jl. Pasar Kembang No. 61,-7.789972,110.36274,429737.5889,9138867.993,,,,,,,,,,,,,,,,
70,Best City Hotel,Bintang,Bintang Tiga,84,Jl. Tentara Pelajar No. 44,-7.783216,110.36097,429541.2974,9139614.622,,,,,,,,,,,,,,,,
71,Beta Losmen,Non Bintang,Melati,6,Sosrowijayan Wetan Gg. 1 GT I/67,-7.790655,110.36501,429987.9958,9138792.86,,,,,,,,,,,,,,,,
72,Betty Losmen,Non Bintang,Melati,8,Sosrowijayan Wetan GT II/175,-7.790672,110.36382,429856.7877,9138790.783,,,,,,,,,,,,,,,,
73,Bhinneka Hotel,Non Bintang,Melati,70,Jl. Margo Utomo No. 38,-7.782252,110.36704,430210.4356,9139722.206,,,,,,,,,,,,,,,,
74,Bhumi Hostel,Non Bintang,Pondok Wisata,5,Jl. Raden Ronggo 14,-7.823205,110.39607,433417.8527,9135199.265,,,,,,,,,,,,,,,,
75,Bilik Bamboo Homestay,Non Bintang,Pondok Wisata,2,Timuran No. 90,-7.81706,110.36887,430417.9705,9135874.239,,,,,,,,,,,,,,,,
76,Bimo Homestay,Non Bintang,Pondok Wisata,3,Sosrowijayan No. 114 ,-7.790984,110.364363,429916.7115,9138756.379,,,,,,,,,,,,,,,,
77,Bina Sari Hotel,Non Bintang,Melati,6,Jl. Veteran No. 202,-7.815743156,110.3859835,432304.5905,9136022.614,,,,,,,,,,,,,,,,
78,Bintang Agung Hotel,Non Bintang,Melati,18,Jl. Parangtritis 30/42,-7.816747632,110.3679543,430316.9547,9135908.622,,,,,,,,,,,,,,,,
79,Bintang Fajar Hotel,Non Bintang,Pondok Wisata,31,Jl. Perintis Kemerdekaan No. 87,-7.818308374,110.3940255,433191.6607,9135740.296,,,,,,,,,,,,,,,,
80,Biyooshy Homestay,Non Bintang,Pondok Wisata,7,Jl. Dagen No. 4,-7.793030312,110.361523,429603.9124,9138529.673,,,,,,,,,,,,,,,,
81,Bladok Hotel,Non Bintang,Melati,36,Jl. Sosrowijayan No.76,-7.791146219,110.362747,429738.5619,9138738.176,,,,,,,,,,,,,,,,
82,Blue Safir Hotel,Non Bintang,Melati,19,Jl. Dagen No. 18-22,-7.793380423,110.3640584,429883.5205,9138491.387,,,,,,,,,,,,,,,,
83,Borobudur Guest House,Non Bintang,Pondok Wisata,6,Prawirotaman No. 5,-7.818628487,110.3691184,430445.6196,9135700.873,,,,,,,,,,,,,,,,
84,Bougenville Villa,Non Bintang,Pondok Wisata,2,Ngadinegaran MJ III No. 84,-7.827313237,110.4002381,433878.0391,9134745.73,,,,,,,,,,,,,,,,
85,Brawijaya Hotel,Non Bintang,Melati,12,Jl. Gambiran No. 1,-7.814276697,110.3917722,432942.5831,9136185.666,,,,,,,,,,,,,,,,
86,Bring In House Home Stay,Non Bintang,Akomodasi Lain,5,Pugeran Timur,-7.814869056,110.3592066,429352.1727,9136114.855,,,,,,,,,,,,,,,,
87,Brosta Hotel,Non Bintang,Melati,10,Jl. Ontorejo No. 4,-7.803060766,110.3534211,428712.287,9137419.374,,,,,,,,,,,,,,,,
88,Bu Purwo Losmen,Non Bintang,Melati,7,Sosrowijayan Wetan GT I/100,-7.790130891,110.3650707,429994.6007,9138850.814,,,,,,,,,,,,,,,,
89,Bugis Asri Hotel,Non Bintang,Melati,14,Jl. Sugeng Jeroni No. 46,-7.811816195,110.3517249,428526.7595,9136451.11,,,,,,,,,,,,,,,,
90,Bugisan Hotel,Non Bintang,Melati,26,Jl. Sugeng Jeroni No. 48,-7.811860629,110.3514728,428498.973,9136446.155,,,,,,,,,,,,,,,,
91,Bukit Uhud Syariah Hotel,Non Bintang,Melati,20,Jl. Sidokabul No. 15 Sorosutan,-7.817243315,110.381644,431826.3855,9135856.061,,,,,,,,,,,,,,,,
92,Bunga Guest House Jumiyanto,Non Bintang,Pondok Wisata,12,Jl. Nitikan Baru No 11 Pandeyan Umbulharjo,-7.81781372,110.383349,432014.4605,9135793.275,,,,,,,,,,,,,,,,
93,Burza Hotel,Bintang,Bintang Tiga,101,Jl. Jogokariyan No. 63,-7.823547048,110.3666789,430177.4689,9135156.687,,,,,,,,,,,,,,,,
94,Cabin Hotel,Non Bintang,Melati,25,Jl. Dr. Sutomo No. 2,-7.823393248,110.3666369,430172.8203,9135173.684,,,,,,,,,,,,,,,,
95,Cabin Hotel,Non Bintang,Melati,16,Jl. Bhayangkara 11,-7.800269877,110.3618851,429645.0489,9137729.348,,,,,,,,,,,,,,,,
96,Cahaya Homestay,Non Bintang,Akomodasi Lain,17,Tohpati No. 64,-7.811447492,110.3812151,431778.1624,9136496.759,,,,,,,,,,,,,,,,
97,Cahaya Kasih Hotel,Non Bintang,Melati,12,"Jl. Malioboro, Sosrowijayan Wetan GT I/280",-7.791939252,110.3652493,430014.5906,9138650.916,,,,,,,,,,,,,,,,
98,Cailendra Guest House,Non Bintang,Melati,15,Jl. Taman Siswa No. 91,-7.810171965,110.3772925,431345.4569,9136637.141,,,,,,,,,,,,,,,,
99,Calegesco Melati Satu Hotel,Non Bintang,Melati,26,Jl. Hos Cokroaminoto No. 159,-7.789639888,110.3533482,428701.9836,9138903.138,,,,,,,,,,,,,,,,
100,Candi Losmen,Non Bintang,Melati,10,Jl. Pasar Kembang No. 5,-7.789952389,110.3654419,430035.5049,9138870.61,,,,,,,,,,,,,,,,
101,Candra Dewi Hotel,Non Bintang,Melati,40,Jl. Kol. Sugiyono No. 23 Keparakan,-7.814439614,110.3710409,430656.8835,9136164.299,,,,,,,,,,,,,,,,
102,Candra Kirana Hotel,Non Bintang,Melati,22,Jl. Parangtritis No. 108,-7.821604005,110.3676708,430286.5072,9135371.669,,,,,,,,,,,,,,,,
103,Caniga Hotel,Non Bintang,Melati,39,Jl. Kyai Guno Mrico 9,-7.834692646,110.3941213,433204.8297,9133928.921,,,,,,,,,,,,,,,,
104,Cantya Hotel,Non Bintang,Melati,56,Jl. Sisingamangaraja No. 21A,-7.821984721,110.3735994,430940.2205,9135330.555,,,,,,,,,,,,,,,,
105,Casa Rafles,Non Bintang,Pondok Wisata,4,Jl. KH Ahmad Dahlan Purwodiningratan NG I/915,-7.800739865,110.3578066,429195.4309,9137676.705,,,,,,,,,,,,,,,,
106,Cavinton Hotel,Bintang,Bintang Empat,200,Jl. Letjend Suprapto No. 1 Ngampilan,-7.800563212,110.3558658,428981.42,9137695.909,,,,,,,,,,,,,,,,
107,Cempaka Hotel,Non Bintang,Melati,34,Jl. Taman Siswa No. 75,-7.808580664,110.3773762,431354.4317,9136813.084,,,,,,,,,,,,,,,,
108,Cepuri Hotel,Non Bintang,Melati,18,Karang Kajen MG 3 No. 838,-7.819882672,110.3706925,430619.3712,9135562.473,,,,,,,,,,,,,,,,
109,Ceria Hotel,Non Bintang,Melati,16,Jl. Ibu Ruswo No. 57,-7.803341225,110.3685637,430381.9303,9137390.896,,,,,,,,,,,,,,,,
110,Checkly Homestay,Non Bintang,Akomodasi Lain,3,Pujokusuman MG I No. 413,-7.813110553,110.3708945,430640.5278,9136311.212,,,,,,,,,,,,,,,,
111,Chendela Guest House,Non Bintang,Akomodasi Lain,6,Panembahan Mangkurat No. 10,-7.806836221,110.366693,430176.2465,9137004.19,,,,,,,,,,,,,,,,
112,Cinka Garini Hotel,Non Bintang,Melati,39,Jl. Nitikan Baru No. 30,-7.818364958,110.3825928,431931.1794,9135732.209,,,,,,,,,,,,,,,,
113,Citra Dream Hotel,Bintang,Bintang Dua,110,Jl. AM Sangaji No. 28 Cokrodiningratan,-7.779958853,110.3677107,430284.0129,9139975.839,,,,,,,,,,,,,,,,
114,Citra Hotel,Non Bintang,Melati,28,Jl. Janturan No. 14,-7.803542796,110.3902627,432774.4414,9137372.129,,,,,,,,,,,,,,,,
115,Citra Indah Hotel,Non Bintang,Melati,27,Jl. Letjend Suprapto No. 111,-7.79269165,110.356698,429071.8503,9138566.307,,,,,,,,,,,,,,,,
116,Citra Kita Hotel,Non Bintang,Melati,12,Jl. Poncowinatan 79-81,-7.781917454,110.361108,429556.296,9139758.209,,,,,,,,,,,,,,,,
117,Cordela Kartika Dewi Hotel,Bintang,Bintang Dua,68,Jl. Bhayangkara No. 35,-7.798067945,110.3617981,429635.0835,9137972.772,,,,,,,,,,,,,,,,
118,Cristalit Hotel,Non Bintang,Melati,14,Jl. Prawirotaman 2 MG III/633,-7.819857733,110.3694741,430485.0421,9135565.03,,,,,,,,,,,,,,,,
119,Dafam Fortuna,Bintang,Bintang Tiga,94,Jl. Dagen No. 60,-7.79320319,110.3628597,429751.3263,9138510.782,,,,,,,,,,,,,,,,
120,Dahlia Guest House,Non Bintang,Akomodasi Lain,11,Jl. Veteran Gang Manunggal No. 2 Kebrokan,-7.815322741,110.3895749,432700.4925,9136069.669,,,,,,,,,,,,,,,,
121,Dana Penginapan,Non Bintang,Melati,17,Mantrijeron MJ 3/837 RT 57 RW 15,-7.819340231,110.3656011,430057.941,9135621.602,,,,,,,,,,,,,,,,
122,Darma Putra Baciro,Non Bintang,Akomodasi Lain,12,Andong No. 01 Baciro,-7.794936783,110.3828694,431957.8781,9138322.397,,,,,,,,,,,,,,,,
123,De Hostel Homestay,Non Bintang,Pondok Wisata,8,Jl. Prawirotaman 1 Gang Batik Gringsing No. 1,-7.818476658,110.3700251,430545.5633,9135717.808,,,,,,,,,,,,,,,,
124,De Laxston Hotel,Bintang,Bintang Tiga,71,Jl. Urip Sumoharjo No. 139A,-7.782775645,110.3871717,432430.3041,9139667.581,,,,,,,,,,,,,,,,
125,Deep Purple 3,Non Bintang,Akomodasi Lain,4,Gedongkiwo MJ I/ RT 54 RW 11,-7.816300586,110.3545641,428840.551,9135955.808,,,,,,,,,,,,,,,,
126,Delta Homestay,Non Bintang,Melati,14,Jl. Prawirotaman 2 MG 3 No. 597 A,-7.819563104,110.3695831,430497.0031,9135597.621,,,,,,,,,,,,,,,,
127,Delta Timoho Regency,Non Bintang,Melati,19,Jl. Timoho No. 3A RT 073 RW 19,-7.791456238,110.3930414,433078.8973,9138708.818,,,,,,,,,,,,,,,,
128,Denadifa Homestay,Non Bintang,Akomodasi Lain,10,Daradasih No. 25,-7.81055647,110.347518,428062.7049,9136589.666,,,,,,,,,,,,,,,,
129,Dewa Homestay,Non Bintang,Akomodasi Lain,5,Sosrowijayan Wetan GT 1 No 154,-7.79107387,110.363584,429830.8289,9138746.314,,,,,,,,,,,,,,,,
130,Dewa Ruci 2 Hotel,Non Bintang,Melati,20,Jl. Imogiri Timur No. 158,-7.828316122,110.3897603,432723.0182,9134633.193,,,,,,,,,,,,,,,,
131,Dewa Ruci 1 Hotel,Non Bintang,Melati,20,Jl. Veteran No. 169,-7.816343902,110.3851274,432210.3003,9135956.059,,,,,,,,,,,,,,,,
132,Dewi Homestay,Non Bintang,Melati,8,Jl. Sosrowijayan Wetan GT 1/115,-7.791162832,110.364408,429921.7084,9138736.615,,,,,,,,,,,,,,,,
133,Dewi Rahayu 1 Penginapan,Non Bintang,Melati,13,Jl. Pasar Kembang No. 7,-7.78977261,110.3653507,430025.4161,9138890.47,,,,,,,,,,,,,,,,
134,Dewi Rahayu 2,Non Bintang,Melati,12,Jl. Jlagran Lor No. 19,-7.789452088,110.3614862,429599.2558,9138925.265,,,,,,,,,,,,,,,,
135,Dewi Sri Hotel,Non Bintang,Melati,18,Jl. Mangkuyudan No. 65,-7.821468547,110.3674902,430266.5762,9135386.615,,,,,,,,,,,,,,,,
136,Dhina Finny Graha,Non Bintang,Melati,8,Jl. Parangtritis MG 3/115E,-7.821319218,110.3683533,430361.7138,9135403.267,,,,,,,,,,,,,,,,
137,Diaga Graha Hotel,Non Bintang,Melati,16,Prawirotaman MG 3/648,-7.820547859,110.3687383,430404.0319,9135488.61,,,,,,,,,,,,,,,,
138,Dian Losmen,Non Bintang,Akomodasi Lain,12,Sosrowijayan Kulon GT I/176,-7.790500018,110.363417,429812.3285,9138809.73,,,,,,,,,,,,,,,,
139,Diana Hotel Jogja,Non Bintang,Melati,56,Tirtodipuran No. 9,-7.817939903,110.363801,429859.2377,9135776.119,,,,,,,,,,,,,,,,
140,Dieng Permai Hotel,Non Bintang,Melati,20,Jl. Bumijo No. 20,-7.785615027,110.3631083,429777.4733,9139349.749,,,,,,,,,,,,,,,,
141,Dina Hotel,Non Bintang,Melati,20,Jl. Parangtritis No. 15,-7.81546056,110.3687734,430407.0509,9136051.053,,,,,,,,,,,,,,,,
142,Diratna Homestay,Non Bintang,Pondok Wisata,6,Kemetiran No. 16 RT 48 RW 13,-7.792174033,110.3603212,429471.2623,9138624.14,,,,,,,,,,,,,,,,
143,Djambu Indah Hotel,Non Bintang,Melati,16,Jl. Mas Suharto No. 16 Tegalpanggung,-7.793637091,110.3703214,430574.1244,9138464.045,,,,,,,,,,,,,,,,
144,Djava Homestay,Non Bintang,Akomodasi Lain,10,Timuran MG 3/104 C,-7.795756984,110.3745821,431044.2575,9138230.374,,,,,,,,,,,,,,,,
145,Doyani Home Syariah,Non Bintang,Pondok Wisata,5,Jl. Poncowolo 13 Ketanggungan Wirobrajan,-7.805252567,110.3463436,427932.3078,9137175.852,,,,,,,,,,,,,,,,
146,DS 681 Home Stay,Non Bintang,Akomodasi Lain,5,Gg. Hansip Karno Waluyo DN 2/681,-7.79060468,110.3715189,430705.6672,9138799.495,,,,,,,,,,,,,,,,
147,Dsenopati Malioboro Grand Hotel,Bintang,Bintang Tiga,108,Jl. Panembahan Senopati No. 40 Prawirodirjan,-7.801555863,110.3700171,430541.8786,9137588.52,,,,,,,,,,,,,,,,
148,Dtalent Hotel,Non Bintang,Melati,24,Prawirotaman MG3,-7.820656184,110.3693109,430467.172,9135476.728,,,,,,,,,,,,,,,,
149,Dumai Family And Guest House,Non Bintang,Pondok Wisata,3,Kauman GM 1/231,-7.805002691,110.3614445,429597.2532,9137206.028,,,,,,,,,,,,,,,,
150,Dusun Jogja Village Inn,Bintang,Bintang Tiga,24,"Jl. Menukan 5, Karangkajen",-7.823667183,110.3688657,430418.5941,9135143.767,,,,,,,,,,,,,,,,
151,Duta Garden Hotel,Non Bintang,Melati,18,Timuran MG 3/103,-7.816537711,110.3695116,430488.6196,9135932.088,,,,,,,,,,,,,,,,
152,Duta Guest House,Non Bintang,Pondok Wisata,25,Jl. Prawirotaman No. 26,-7.819183042,110.3709846,430651.4689,9135639.871,,,,,,,,,,,,,,,,
153,Duta Kencana Hotel,Non Bintang,Melati,14,Jl. Ireda 76,-7.813640668,110.3715104,430708.5185,9136252.705,,,,,,,,,,,,,,,,
154,Duta Wisata Hotel,Non Bintang,Melati,18,Jl. Urip Sumoharjo No. 79,-7.779464868,110.3832898,432001.7454,9140032.987,,,,,,,,,,,,,,,,
155,Duta Wisata II Hotel,Non Bintang,Melati,19,Jl. Laksda Adisucipto No. 8,-7.782961314,110.3883732,432562.8196,9139647.246,,,,,,,,,,,,,,,,
156,Dwi Warna Hotel,Non Bintang,Melati,19,Jl. S. Parman No. 46,-7.807827372,110.3532486,428694.0758,9136892.362,,,,,,,,,,,,,,,,
157,Dwijaya Wisma,Non Bintang,Melati,9,Mantrijeron MJ 3/831,-7.819531475,110.3660709,430109.772,9135600.536,,,,,,,,,,,,,,,,
158,Eclipse Hotel,Bintang,Bintang Dua,27,Jl. Prawirotaman No. 35,-7.818932554,110.3720651,430770.5552,9135667.742,,,,,,,,,,,,,,,,
159,Edelweiss Hotel,Bintang,Bintang Tiga,95,Jl. Gejayan No. 17 C,-7.779988163,110.3879194,432512.3006,9139975.875,,,,,,,,,,,,,,,,
160,Edotel Kenari Yogyakarta,Non Bintang,Melati,20,Jl. Kenari No.4,-7.797567054,110.3822279,431887.5753,9138031.499,,,,,,,,,,,,,,,,
161,Edotel Umbulharjo Yogyakarta,Non Bintang,Melati,15,Jl. Sidikan No. 60,-7.820581326,110.385236,432222.9578,9135487.601,,,,,,,,,,,,,,,,
162,Edu Hostel,Non Bintang,Melati,60,Jl. Letjend Suprapto No. 17,-7.799230555,110.3561532,429012.8826,9137843.293,,,,,,,,,,,,,,,,
163,Ekkon Hotel,Non Bintang,Melati,24,Jl. Hos Cokroaminoto Cokro Square Kavling O,-7.789464829,110.3540804,428782.6787,9138922.616,,,,,,,,,,,,,,,,
164,Eko Ariyanto Homestay,Non Bintang,Akomodasi Lain,3,Sosrowijayan Wetan GT 1 No 106,-7.790055349,110.3651598,430004.4113,9138859.18,,,,,,,,,,,,,,,,
165,El Royal Hotel Malioboro,Bintang,Bintang Empat,108,Dagen No. 6,-7.793397221,110.3649514,429981.9929,9138489.678,,,,,,,,,,,,,,,,
166,Emdi House Timoho,Non Bintang,Melati,10,Jl. Timoho 2 No. 32 A,-7.79566153,110.3908904,432842.3947,9138243.555,,,,,,,,,,,,,,,,
167,Emersia Malioboro Hotel,Bintang,Bintang Tiga,51,Jl. Gowongan Kidul No. 34,-7.786754877,110.3641288,429890.1862,9139223.9,,,,,,,,,,,,,,,,
168,Emilia Homestay Kost Eksklusive,Non Bintang,Pondok Wisata,10,Gejayan Kepuh GK III/976,-7.780906983,110.3866352,432370.8505,9139874.088,,,,,,,,,,,,,,,,
169,F77 Hotel,Non Bintang,Melati,19,Jl. RE Martadinata 73,-7.800885367,110.3489675,428220.8748,9137659.126,,,,,,,,,,,,,,,,
170,Famili Homestay,Non Bintang,Melati,16,Jl. Sosrowijayan No. 47,-7.79141729,110.362916,429757.2354,9138708.236,,,,,,,,,,,,,,,,
171,Familia Residence,Non Bintang,Melati,15,Jl. Bausaran DN 3/949,-7.796185093,110.3753659,431130.7572,9138183.172,,,,,,,,,,,,,,,,
172,Family Losmen,Non Bintang,Melati,25,Jl. Dagen No. 14,-7.793435967,110.3645338,429935.9511,9138485.325,,,,,,,,,,,,,,,,
173,Family Villa,Non Bintang,Vila,3,Awana Town House No. 19,-7.813205175,110.366304,430134.4143,9136299.993,,,,,,,,,,,,,,,,
174,Faros/Home Stay Agus,Non Bintang,Pondok Wisata,2,Kemetiran Kidul GT 2 No. 742,-7.79281191,110.3569802,429102.9804,9138553.059,,,,,,,,,,,,,,,,
175,Fatia Homestay,Non Bintang,Akomodasi Lain,2,Kebun Raya No. 29 Gg. Teratai,-7.805734894,110.3984886,433681.7477,9137131.081,,,,,,,,,,,,,,,,
176,Fave Hotel,Bintang,Bintang Tiga,101,Jl. Kusumanegara No. 91,-7.801025374,110.3882374,432550.7292,9137650.124,,,,,,,,,,,,,,,,
177,Fave Hotel Malioboro,Bintang,Bintang Tiga,75,Jl. I Dewa Nyoman Oka No. 30 Kotabaru,-7.785359696,110.3699484,430531.6384,9139379.107,,,,,,,,,,,,,,,,
178,Fevytra Hotel,Non Bintang,Melati,22,Jl. Prof. Dr. Supomo SH 1060,-7.81322148,110.3892919,432668.9533,9136301.932,,,,,,,,,,,,,,,,
179,Forriz Hotel,Bintang,Bintang Empat,116,Hos Cokroaminoto No. 60 Pakuncen,-7.795292679,110.3534946,428719.0731,9138278.206,,,,,,,,,,,,,,,,
180,Fortuna Guest House,Non Bintang,Pondok Wisata,9,Jl. Pugeran Timur No. 22,-7.815102148,110.3591289,429343.6376,9136089.072,,,,,,,,,,,,,,,,
181,Front One Cabin Malioboro,Bintang,Bintang Satu,27,Jl. Jagalan Beji No. 61,-7.79694509,110.3705555,430600.4864,9138098.361,,,,,,,,,,,,,,,,
182,Gaia Cosmo Hotel,Bintang,Bintang Tiga,179,Jl. Ipda Tut Harsono No. 16 Muja Muju,-7.798723673,110.3928705,433061.1979,9137905.329,,,,,,,,,,,,,,,,
183,Gajah Guest House Wisma,Non Bintang,Pondok Wisata,25,Jl. Prawirotaman No. 4,-7.818885813,110.368604,430388.9483,9135672.339,,,,,,,,,,,,,,,,
184,Gallery Prawirotaman Hotel,Bintang,Bintang Empat,94,Jl. Prawirotaman II/ Jl. Gerilya No. 839 B MG,-7.820140155,110.3712935,430685.6842,9135534.106,,,,,,,,,,,,,,,,
185,Galuh Anindita Hotel,Non Bintang,Melati,30,Jl. Candra Kirana No. 10,-7.781290323,110.376991,431307.504,9139830.154,,,,,,,,,,,,,,,,
186,Gautama Hotel,Non Bintang,Melati,10,Sosrokusuman DN I/181,-7.793777881,110.3673315,430244.4791,9138447.987,,,,,,,,,,,,,,,,
187,Gedong Kuning Hotel,Non Bintang,Melati,15,Jl Gedong Kuning No. 82A,-7.806277836,110.4018953,434057.4439,9137071.589,,,,,,,,,,,,,,,,
188,Giri Artha Guest House,Non Bintang,Akomodasi Lain,11,Tegal Panggung No. 42,-7.794719071,110.3710637,430656.157,9138344.547,,,,,,,,,,,,,,,,
189,Gloria Amanda Hotel,Non Bintang,Melati,42,Jl. Sosrowijayan GT I/195,-7.790886558,110.3634111,429811.7405,9138766.994,,,,,,,,,,,,,,,,
190,Glory Homestay,Non Bintang,Pondok Wisata,3,Timuran MG 3 No. 85,-7.81729967,110.3687787,430407.9468,9135847.727,,,,,,,,,,,,,,,,
191,Good Karma Home Stay,Non Bintang,Pondok Wisata,5,Timuran MG 3/100,-7.816474511,110.3693442,430470.1548,9135939.047,,,,,,,,,,,,,,,,
192,Gowongan Inn,Bintang,Bintang Tiga,54,Jl. Gowongan Kidul No. 50,-7.786787086,110.3631925,429786.9466,9139220.183,,,,,,,,,,,,,,,,
193,Grage Jogja Hotel,Bintang,Bintang Dua,87,Jl. Sosrowijayan No. 242,-7.791100739,110.3623193,429691.3868,9138743.133,,,,,,,,,,,,,,,,
194,Grage Ramayana Hotel,Bintang,Bintang Tiga,71,Jl. Sosrowijayan No. 33,-7.791731799,110.3638782,429863.3778,9138673.624,,,,,,,,,,,,,,,,
195,Graha Kinasih Kotabaru,Bintang,Bintang Satu,19,"Jl. Ungaran No. 1 Kotabaru, Gondokusuman",-7.786970576,110.3706131,430605.1934,9139201.122,,,,,,,,,,,,,,,,
196,Gran Puri Saron Hotel,Non Bintang,Melati,47,Sosrowijayan No. 70,-7.79110023,110.3628993,429755.3459,9138743.286,,,,,,,,,,,,,,,,
197,Grand Aston Yogyakarta Hotel Convention Center,Bintang,Bintang Lima,146,Jl. Urip Sumoharjo No. 37,-7.782585054,110.3819042,431849.4656,9139687.807,,,,,,,,,,,,,,,,
198,Grand Marto Hotel,Non Bintang,Melati,16,Jl. Sisingamangaraja No. 78,-7.818658267,110.3730824,430882.6632,9135698.233,,,,,,,,,,,,,,,,
199,Grand Rosela Hotel,Bintang,Bintang Satu,51,Jl. Prawirotaman No. 28,-7.819124338,110.3711863,430673.6878,9135646.394,,,,,,,,,,,,,,,,
200,Grand Senyum Hotel,Bintang,Bintang Tiga,57,Jl. P. Diponegoro No. 27,-7.783204494,110.3654376,430033.9041,9139616.636,,,,,,,,,,,,,,,,
201,Grand Surya Hotel,Non Bintang,Melati,17,Jl. Suryodoningratan No. 428,-7.817276712,110.3582288,429244.7649,9135848.507,,,,,,,,,,,,,,,,
202,Grand Zea Homestay,Non Bintang,Akomodasi Lain,10,Golo Gang Pulanggeni No. 5/421 A,-7.814336923,110.3807049,431722.3709,9136177.231,,,,,,,,,,,,,,,,
203,Grand Zuri Malioboro Yogyakarta Hotel,Bintang,Bintang Empat,138,Jl. Margo Utomo No. 18,-7.787454456,110.367003,430207.2116,9139147.032,,,,,,,,,,,,,,,,
204,Green Host PT Samudra Parama Avi Rodha Hotel,Bintang,Bintang Tiga,96,Prawirotaman 2/629,-7.819997197,110.369066,430440.0647,9135549.544,,,,,,,,,,,,,,,,
205,Grha Somaya Hotel,Non Bintang,Melati,34,Jl. Mentri Supeno No. 28 BC,-7.815994969,110.378039,431428.718,9135993.489,,,,,,,,,,,,,,,,
206,Griya Asrie Homestay,Non Bintang,Pondok Wisata,5,Prawirotaman MG 3 No.578,-7.817757812,110.3723618,430803.0707,9135797.666,,,,,,,,,,,,,,,,
207,Griya Jogja Hotel,Non Bintang,Melati,20,Jl. Pakuningratan No. 3,-7.767820321,110.3581632,429229.2278,9141316.255,,,,,,,,,,,,,,,,
208,Griya Kayon,Non Bintang,Akomodasi Lain,6,"Mojo 2, GK IV/415 Gendeng",-7.790183658,110.3877345,432493.5509,9138848.667,,,,,,,,,,,,,,,,
209,Griya Kebun Raya Guest House,Non Bintang,Akomodasi Lain,14,Kebun Raya No.45,-7.807793278,110.398127,433642.2051,9136903.456,,,,,,,,,,,,,,,,
210,Griya Nalendra Guest House,Non Bintang,Pondok Wisata,10,Kepuh GK3/1050,-7.782074624,110.385916,432291.7349,9139744.883,,,,,,,,,,,,,,,,
211,Griya Paku,Non Bintang,Akomodasi Lain,11,Pakuningratan No. 58,-7.780475373,110.3623305,429690.8533,9139917.844,,,,,,,,,,,,,,,,
212,Griya Patehan,Non Bintang,Akomodasi Lain,5,Patehan Lor No. 22 ,-7.811622038,110.3611696,429568.0595,9136474.165,,,,,,,,,,,,,,,,
213,Griya Putri Dewi Guest House,Non Bintang,Akomodasi Lain,11,SuriptoNo. 506 A,-7.822776412,110.3657348,430073.2497,9135241.73,,,,,,,,,,,,,,,,
214,Griya Sastrowardoyo Guest House,Non Bintang,Akomodasi Lain,7,Jl. AM Sangaji No. 60,-7.77541716,110.3681987,430337.0681,9140478.035,,,,,,,,,,,,,,,,
215,Griya Sentana Hotel,Non Bintang,Melati,18,Jl. Gowongan Lor No 65-67,-7.784986246,110.3634208,429811.8276,9139419.317,,,,,,,,,,,,,,,,
216,Griya Surya Wijilan,Non Bintang,Akomodasi Lain,3,Ibu Ruswo No. 25,-7.803153728,110.3669019,430198.6716,9137411.35,,,,,,,,,,,,,,,,
217,Griya Wijilan Syariah Home Stay,Non Bintang,Pondok Wisata,10,Jl. Wijilan PB 1 No. 21,-7.804608076,110.3660911,430109.5145,9137250.428,,,,,,,,,,,,,,,,
218,Griya Yunika,Non Bintang,Akomodasi Lain,10,Gatotkaca No. 10,-7.802893728,110.3501254,428348.8761,9137437.283,,,,,,,,,,,,,,,,
219,Griyo Inggil,Non Bintang,Akomodasi Lain,8,Sosrowijayan Wetan GT 1 No. 104,-7.789852338,110.3639445,429870.3754,9138881.423,,,,,,,,,,,,,,,,
220,H Boutique Hotel,Bintang,Bintang Tiga,90,Jl. Prof Herman Yohanes No. 1,-7.789884228,110.3638908,429864.4658,9138877.888,,,,,,,,,,,,,,,,
221,Handayani Homestay Yamtana,Non Bintang,Akomodasi Lain,15,Sosrowijayan Wetan GT 1/103,-7.790346019,110.3654163,430032.7401,9138827.087,,,,,,,,,,,,,,,,
222,Happy Buddha Hostel,Non Bintang,Akomodasi Lain,7,Prawirotaman No. 21,-7.818516496,110.3708134,430632.4817,9135713.534,,,,,,,,,,,,,,,,
223,Happy Family Hotel,Non Bintang,Melati,28,Jl. Jlagran No. 10,-7.790534749,110.3604646,429486.792,9138805.399,,,,,,,,,,,,,,,,
224,Happy Penginapan ,Non Bintang,Melati,7,Sosrokusuman DN I/174 Suryatmajan,-7.790225692,110.3674271,430254.4361,9138840.722,,,,,,,,,,,,,,,,
225,Happynest BNB Hostel,Non Bintang,Vila,2,Gang Demarkasi Timuran No. 17B,-7.815330344,110.3691489,430448.4331,9136065.511,,,,,,,,,,,,,,,,
226,Harmony Inn Hotel,Non Bintang,Melati,25,Jl. Parangtritis Gg. Sartono MJ III/812,-7.819296655,110.3661327,430116.5462,9135626.508,,,,,,,,,,,,,,,,
227,Harper Mangkubumi Yogyakarta Hotel,Bintang,Bintang Empat,131,Jl. Mangkubumi No. 52,-7.784442296,110.3671764,430225.8325,9139480.076,,,,,,,,,,,,,,,,
228,Harum Noerika Hotel,Non Bintang,Melati,18,Jl. Sosrowijayan GT 1/78,-7.791166338,110.364615,429944.533,9138736.262,,,,,,,,,,,,,,,,
229,Hasian Motel,Non Bintang,Melati,10,Jl. Perwakilan No. 26-27,-7.79243414,110.3671362,430222.7306,9138596.515,,,,,,,,,,,,,,,,
230,HD Inn Homestay,Non Bintang,Pondok Wisata,7,Jl. Mayor Suryotomo No. 575,-7.796916235,110.3695019,430484.3139,9138101.378,,,,,,,,,,,,,,,,
231,Hendarum Homestay,Non Bintang,Vila,1,Jetisharjo JT 2/374,-7.776865083,110.3689793,430423.3778,9140318.086,,,,,,,,,,,,,,,,
232,Heryon Hotel,Non Bintang,Melati,36,Jl. Menteri Supeno No. 28 D,-7.816191436,110.377696,431390.9297,9135971.713,,,,,,,,,,,,,,,,
233,Hidayah Wisma,Non Bintang,Melati,19,Jl. H Agus Salim No. 12,-7.804147276,110.3601262,429451.7647,9137300.38,,,,,,,,,,,,,,,,
234,Hinggil Family Homestay,Non Bintang,Akomodasi Lain,8,Tentara Rakyat Mataram No. 5,-7.786816647,110.3576517,429176.0148,9139215.991,,,,,,,,,,,,,,,,
235,Hom Platinum/Gowongan,Bintang,Bintang Tiga,112,Jl. Gowongan Kidul No. 57,-7.785903376,110.3665554,430157.6014,9139318.44,,,,,,,,,,,,,,,,
236,Home 24 Hotel,Non Bintang,Pondok Wisata,3,Jl. Suryatmajan 24,-7.796109401,110.3657233,430067.5468,9138189.955,,,,,,,,,,,,,,,,
237,Home Addicts Hostel,Non Bintang,Akomodasi Lain,14,Kapten Tendean Gang Nakula No.2,-7.805222535,110.3503715,428376.4069,9137179.858,,,,,,,,,,,,,,,,
238,Dhaup Utami Isti Astuti Homestay,Non Bintang,Pondok Wisata,8,Jl. Panembahan No. 9,-7.805867589,110.3673668,430250.3766,9137111.391,,,,,,,,,,,,,,,,
239,Manggo Tree Homestay,Non Bintang,Pondok Wisata,10,Pujokusuman MG I/447,-7.812764309,110.3707267,430621.9745,9136349.464,,,,,,,,,,,,,,,,
240,Ndalem Mantrigawen Thomas Aquinas Homestay,Non Bintang,Pondok Wisata,15,Jl. Mantrigawen Lor No. 15,-7.80854821,110.3682947,430353.1325,9136815.183,,,,,,,,,,,,,,,,
241,Omah Djokdja Zulkifli Homestay,Non Bintang,Pondok Wisata,5,Jl. Pakaryan No. 3,-7.807546448,110.367385,430252.6608,9136925.784,,,,,,,,,,,,,,,,
242,Wisma Oepomo Homestay,Non Bintang,Melati,7,Jl. Suryo Metaraman Wetan No. 18,-7.808435331,110.3684975,430375.4669,9136827.696,,,,,,,,,,,,,,,,
243,Bu Marto Homestay,Non Bintang,Pondok Wisata,4,Pajeksan GT I/ 524,-7.79375457,110.3650518,429993.1224,9138450.187,,,,,,,,,,,,,,,,
244,Candra 2 (HOC2) Lowanu Homestay,Non Bintang,Vila,4,Lowanu MG III/1323 A,-7.817472783,110.3697375,430513.6791,9135828.746,,,,,,,,,,,,,,,,
245,Chatarina Homestay,Non Bintang,Pondok Wisata,4,Sosrowijayan No. 41 ,-7.791042329,110.3631425,429782.1446,9138749.728,,,,,,,,,,,,,,,,
246,Comfy 2 Homestay,Non Bintang,Akomodasi Lain,10,Prof. Dr. Sarjito No. 14A,-7.750915866,110.3702848,430563.0689,9143187.162,,,,,,,,,,,,,,,,
247,Mamagayo Inn Homestay,Non Bintang,Pondok Wisata,9,Jl. Suryodiningratan No. 42A,-7.81729275,110.3583547,429258.655,9135846.755,,,,,,,,,,,,,,,,
248,Pondok Puspita Homestay ,Non Bintang,Pondok Wisata,8,Jl. Gading No. 5A,-7.812717956,110.3631618,429787.8957,9136353.336,,,,,,,,,,,,,,,,
249,Siti Maryam Homestay,Non Bintang,Pondok Wisata,4,Jl. Suryoputran No. 35,-7.809353108,110.366334,430137.0842,9136725.871,,,,,,,,,,,,,,,,
250,Horison Ultima Riss Yogyakarta,Bintang,Bintang Empat,94,Jl. Gowongan Kidul No. 33-49,-7.787409637,110.3644008,429920.2848,9139151.556,,,,,,,,,,,,,,,,
251,Horison Urip Sumoharjo,Bintang,Bintang Tiga,108,Jl. Urip Sumoharjo 137,-7.782594034,110.3868879,432398.9843,9139687.614,,,,,,,,,,,,,,,,
252,Penak Malioboro Hostel,Non Bintang,Akomodasi Lain,16,Gemblakan Atas DN 1/325,-7.79219734,110.3678323,430299.4405,9138622.81,,,,,,,,,,,,,,,,
253,Al-Ashiri Inn Hotel,Non Bintang,Melati,61,DI. Panjaitan No.104,-7.821922356,110.3614307,429598.5672,9135335.434,,,,,,,,,,,,,,,,
254,Amarta Hotel,Non Bintang,Melati,27,Jl. Dagen No. 12,-7.799203125,110.3408811,427328.9784,9137843.727,,,,,,,,,,,,,,,,
255,Baru Hotel,Non Bintang,Melati,10,Jl. Gowongan Kidul No. 19,-7.787397537,110.365255,430014.4638,9139153.036,,,,,,,,,,,,,,,,
256,Dermaga Keluarga Hotel,Non Bintang,Melati,39,Jl. RE. Martadinata No. 69 Wirobrajan,-7.800742264,110.3493693,428265.144,9137675.015,,,,,,,,,,,,,,,,
257,Kumbokarno Utama Hotel,Non Bintang,Melati,24,Jl. Mangkubumi No. 60,-7.783443805,110.3670672,430213.6313,9139590.448,,,,,,,,,,,,,,,,
258,Pramesthi Hotel,Non Bintang,Melati,33,Jl. Mangkuyudan No. 44,-7.821774269,110.3653791,430033.864,9135352.465,,,,,,,,,,,,,,,,
259,Ratna Hotel,Non Bintang,Melati,15,Pasar Kembang No. 17A,-7.789728919,110.3649364,429979.7264,9138895.232,,,,,,,,,,,,,,,,
260,House 24,Non Bintang,Pondok Wisata,12,Jl. Jogokariyan 24,-7.824007231,110.3634318,429819.5479,9135105.27,,,,,,,,,,,,,,,,
261,House of Chandra,Non Bintang,Pondok Wisata,4,Tamansiswa Gang Warsokusumo Nyutran MG 2 No 1433,-7.80831386,110.375877,431189.0924,9136842.336,,,,,,,,,,,,,,,,
262,House of Moedjito Homestay,Non Bintang,Pondok Wisata,6,Jl. Tribrata I No. 3,-7.808282258,110.3758451,431185.5704,9136845.825,,,,,,,,,,,,,,,,
263,Hoz Bed And Breakfast,Non Bintang,Pondok Wisata,5,Gedongkiwo MJI/977 A,-7.808307539,110.3758451,431185.5745,9136843.03,,,,,,,,,,,,,,,,
264,Hutomo Hotel,Non Bintang,Melati,9,Jl. Gedong Kuning No. 110,-7.811759721,110.4018902,434057.7395,9136465.531,,,,,,,,,,,,,,,,
265,Ibis Hotel,Bintang,Bintang Tiga,85,Jl. Malioboro 52-58,-7.811717204,110.4018794,434056.55,9136470.23,,,,,,,,,,,,,,,,
266,Ibis Styles,Bintang,Bintang Tiga,112,Jl. Dagen No. 109,-7.79360707,110.3615186,429603.5223,9138465.907,,,,,,,,,,,,,,,,
267,Ibu Hartono Homestay,Non Bintang,Pondok Wisata,7,Jl. Krasak Timur No. 28 B,-7.788631055,110.3774369,431357.8675,9139018.659,,,,,,,,,,,,,,,,
268,Imogen Homestay,Non Bintang,Akomodasi Lain,5,Pugeran Timur No. 6,-7.81424711,110.3590464,429334.4055,9136183.589,,,,,,,,,,,,,,,,
269,Indah Guest Hotel,Non Bintang,Melati,14,Jl. Jogonegaran No. 10,-7.822766668,110.3546331,428849.254,9135240.946,,,,,,,,,,,,,,,,
270,Indah Palace Hotel,Bintang,Bintang Dua,26,Jl. Sisingamangaraja No. 74,-7.818287925,110.3729188,430864.5679,9135739.15,,,,,,,,,,,,,,,,
271,Indies Hotel,Bintang,Bintang Tiga,74,Prawirotaman III No. 3,-7.820460859,110.3694835,430486.1755,9135498.351,,,,,,,,,,,,,,,,
272,Indonesia Hotel,Non Bintang,Melati,28,Jl. Sosrowijayan No. 9,-7.79150165,110.3651846,430007.3845,9138699.285,,,,,,,,,,,,,,,,
273,Indrakila Hotel,Non Bintang,Melati,20,Jl. Tirtodipuran No. 30,-7.818360892,110.3650932,430001.7803,9135729.79,,,,,,,,,,,,,,,,
274,Indraloka Heritage Homestay,Non Bintang,Melati,16,Jl. Cik Ditiro No. 18,-7.779283472,110.37572,431167.0349,9140051.818,,,,,,,,,,,,,,,,
275,Indraprasta Homestay,Non Bintang,Pondok Wisata,10,Timuran MG 3/169,-7.787011116,110.3517301,428523.1188,9139193.495,,,,,,,,,,,,,,,,
276,Inna Garuda Hotel,Bintang,Bintang Empat,222,Jl. Malioboro No. 60,-7.790725269,110.3665871,430161.8954,9138785.352,,,,,,,,,,,,,,,,
277,"Ipienk House, PT",Non Bintang,Pondok Wisata,7,Bausasran DN 3 No. 719-720,-7.796444153,110.3747785,431066.0315,9138154.435,,,,,,,,,,,,,,,,
278,Iraa Hotel,Non Bintang,Melati,30,Jl. Bausasran No. 62,-7.797058913,110.3767616,431284.7827,9138086.792,,,,,,,,,,,,,,,,
279,Ismoyo Hotel,Non Bintang,Melati,19,Jl. Jlagran Lor No. 57/123,-7.789387587,110.3581984,429236.7297,9138931.847,,,,,,,,,,,,,,,,
280,Isty Losmen,Non Bintang,Akomodasi Lain,8,Sosrowijayan Wetan GT 1/165 Gang 2,-7.79076092,110.3638073,429855.4033,9138780.95,,,,,,,,,,,,,,,,
281,Jambuluwuk Malioboro Boutique Hotel,Bintang,Bintang Empat,144,Jl. Gajah Mada No. 67,-7.797361861,110.3721724,430778.8302,9138052.55,,,,,,,,,,,,,,,,
282,Java Hut Home Stay Gubug Jawa,Non Bintang,Pondok Wisata,4,Dipowinatan MG 1/23,-7.809963062,110.3690264,430434.0375,9136658.882,,,,,,,,,,,,,,,,
283,Java Villas Boutique Hotel,Bintang,Bintang Dua,17,Gerilya MG III/460 Prawirotaman,-7.819567946,110.3687727,430407.6594,9135596.952,,,,,,,,,,,,,,,,
284,Jave Gong Homestay,Non Bintang,Vila,6,Dipokusuman No. 185,-7.811963921,110.3713932,430695.3261,9136438.062,,,,,,,,,,,,,,,,
285,Jawa Losmen,Non Bintang,Melati,5,Sosrowijayan Wetan GT I/139,-7.790166009,110.3638311,429857.9222,9138846.726,,,,,,,,,,,,,,,,
286,Jentra Dagen Hotel,Bintang,Bintang Tiga,64,Jl. Dagen 86,-7.793603511,110.3621368,429671.6848,9138466.404,,,,,,,,,,,,,,,,
287,Jogja 761,Non Bintang,Akomodasi Lain,5,Demakan Baru No. 761,-7.79173082,110.3524719,428605.7049,9138671.822,,,,,,,,,,,,,,,,
288,Jogja Backpacker Home,Non Bintang,Pondok Wisata,7,Mas Suharto Jambu Gg. Ledok Tukangan 2 Tegalpanggung,-7.793177381,110.3694303,430475.8008,9138514.723,,,,,,,,,,,,,,,,
289,Jogja Classic Homestay,Non Bintang,Pondok Wisata,3,Jl. Kimangunsarkoro No. 29,-7.799753692,110.3798063,431620.9236,9137789.36,,,,,,,,,,,,,,,,
290,Jogja Graha Wisata Hotel,Non Bintang,Melati,40,Jl. Rejowinangun No. 1 ,-7.809979832,110.400548,433909.4836,9136662.099,,,,,,,,,,,,,,,,
291,Jogja Hotel,Non Bintang,Melati,8,Sosrowijayan Wetan GT 1/72,-7.788148988,110.3624774,429708.3314,9139069.497,,,,,,,,,,,,,,,,
292,Jogja Inn Hotel,Non Bintang,Melati,45,Jl. Veteran No. 175,-7.814284823,110.3899524,432741.9453,9136184.478,,,,,,,,,,,,,,,,
293,Joglo Witana Homestay,Non Bintang,Akomodasi Lain,12,Prapanca No. 54,-7.817010166,110.3519737,428555.0668,9135876.92,,,,,,,,,,,,,,,,
294,Jogokariyan Hotel,Non Bintang,Melati,16,Jl. Jogokariyan No. 64,-7.823508425,110.3657783,430078.1762,9135160.808,,,,,,,,,,,,,,,,
295,Kali Kala Home Stay,Non Bintang,Pondok Wisata,2,Suryodiningratan MJ 2/977,-7.820229804,110.3607152,429519.4015,9135522.439,,,,,,,,,,,,,,,,
296,Kalingga 2 Hotel,Non Bintang,Melati,15,Jl. Juminahan No. 50,-7.796708931,110.3710097,430650.5227,9138124.545,,,,,,,,,,,,,,,,
297,Kalingga I Hotel,Non Bintang,Melati,8,Jl. Juminahan No. 50,-7.796708931,110.3710097,430650.5227,9138124.545,,,,,,,,,,,,,,,,
298,Kalingga Sekar Inn Hotel,Non Bintang,Melati,10,Jl. Juminahan No. 50,-7.796708931,110.3710097,430650.5227,9138124.545,,,,,,,,,,,,,,,,
299,Kalya Hotel / Tune Hotel,Bintang,Bintang Dua,112,Jl. Gedong Kuning Selatan No. 118,-7.813348497,110.4014933,434014.237,9136289.819,,,,,,,,,,,,,,,,
300,Kamajaya Wisma,Non Bintang,Melati,11,Karang Kajen MG 3 No. 829,-7.820098242,110.3722241,430788.2713,9135538.893,,,,,,,,,,,,,,,,
301,Kampung Djawa Guest House,Non Bintang,Melati,9,Prawirotaman I No. 40,-7.819281342,110.3725953,430829.0659,9135629.268,,,,,,,,,,,,,,,,
302,Kartika Darwiyoto Hotel,Non Bintang,Melati,8,Jl. Sosrowijayan 8,-7.79148075,110.3656278,430056.255,9138701.669,,,,,,,,,,,,,,,,
303,Karunia Hotel,Non Bintang,Melati,19,Jl. Sosrowijayan No. 78,-7.791278169,110.3626489,429727.7632,9138723.572,,,,,,,,,,,,,,,,
304,Kayoman Homestay,Non Bintang,Akomodasi Lain,9,Perum Gambiran,-7.817273936,110.392272,432998.1663,9135854.381,,,,,,,,,,,,,,,,
305,Kayu Manis Hotel,Non Bintang,Melati,24,Jl. Gambiran No. 52,-7.819618829,110.3903812,432790.0727,9135594.836,,,,,,,,,,,,,,,,
306,Kedyla Home Stay,Non Bintang,Pondok Wisata,5,Patangpuluhan WB 3/15 B,-7.807645719,110.3487845,428201.8512,9136911.688,,,,,,,,,,,,,,,,
307,Kembar Homestay,Non Bintang,Akomodasi Lain,9,Sosrowijayan Wetan GT 1 No. 104,-7.789100556,110.365275,430016.9534,9138964.758,,,,,,,,,,,,,,,,
308,Khrisna Guest Host,Non Bintang,Melati,5,Jl. Pasar Kembang No. 29,-7.789821157,110.3641745,429895.7382,9138884.908,,,,,,,,,,,,,,,,
309,Ki Agung Prestise Hotel,Non Bintang,Melati,13,Jl. Prawirotaman II MG 3 No. 596 A,-7.819674729,110.3691231,430446.3053,9135585.204,,,,,,,,,,,,,,,,
310,Kili Suci Hotel,Non Bintang,Melati,8,Jl. Gambiran No. 55,-7.817161241,110.3910801,432866.7373,9135866.651,,,,,,,,,,,,,,,,
311,Kirana Hotel,Non Bintang,Melati,15,Jl. Prawirotaman No. 45,-7.819048246,110.372757,430846.8578,9135655.065,,,,,,,,,,,,,,,,
312,KJ Hotel,Bintang,Bintang Empat,123,Jl. Parangtritis No. 120,-7.822262001,110.3673348,430249.5687,9135298.867,,,,,,,,,,,,,,,,
313,Kombokarno Hotel,Non Bintang,Melati,40,Jl. Dagen No. 39,-7.793429722,110.3635308,429825.3547,9138485.849,,,,,,,,,,,,,,,,
314,Kota Hotel,Non Bintang,Melati,21,Jl. Jlagran Lor No. 19,-7.789448478,110.3616064,429612.5089,9138925.684,,,,,,,,,,,,,,,,
315,Kotagede Heritage Homestay,Non Bintang,Pondok Wisata,8,Jl. Tegal Gendu 20,-7.82608263,110.3920037,432969.9986,9134880.479,,,,,,,,,,,,,,,,
316,Kristina Hotel,Non Bintang,Melati,31,Jl. Dagen 71A Sosromenduran Gedong Tengen,-7.7936302,110.3626678,429730.2344,9138463.541,,,,,,,,,,,,,,,,
317,Kroto Wisma,Non Bintang,Melati,15,Jl. Prawirotaman 2 MG 3 No. 612,-7.819825817,110.3707736,430628.3086,9135568.773,,,,,,,,,,,,,,,,
318,Kunthi Hotel,Non Bintang,Melati,16,Jl. Dagen No. 81,-7.793589181,110.3623555,429695.8011,9138468.024,,,,,,,,,,,,,,,,
319,La Javanaise Homestay,Non Bintang,Akomodasi Lain,8,Sosrowijayan Wetan GT 1/168,-7.791143799,110.3639235,429868.2733,9138738.639,,,,,,,,,,,,,,,,
320,Laksmita Homestay,Non Bintang,Pondok Wisata,3,Jl. Bantul 60 B,-7.817689899,110.3556356,428958.9263,9135802.39,,,,,,,,,,,,,,,,
321,Laras Hati Hotel,Non Bintang,Melati,10,Sosrokusuman DN I/182,-7.79336751,110.3672328,430233.5363,9138493.34,,,,,,,,,,,,,,,,
322,Larasati Harsono Penginapan,Non Bintang,Pondok Wisata,12,Jl. Mangkuyudan No. 64,-7.82186613,110.3669611,430208.3092,9135342.571,,,,,,,,,,,,,,,,
323,Larrisa Losmen Sukir,Non Bintang,Pondok Wisata,3,Sosrowijayan GT 1/106,-7.788179974,110.3630336,429769.6616,9139066.163,,,,,,,,,,,,,,,,
324,Lasmanos Hostel,Non Bintang,Akomodasi Lain,7,Tirtodipuran Gang Lesmana No. 99,-7.817555779,110.3658559,430085.735,9135818.928,,,,,,,,,,,,,,,,
325,Latifah Home Stay,Non Bintang,Pondok Wisata,1,Dipoyudan NG I No. 567 Ngampilan,-7.796227412,110.3588949,429314.676,9138175.772,,,,,,,,,,,,,,,,
326,Lauras Backpacker,Non Bintang,Melati,3,Tukangan DN 2/523 Gang Hansip Karno Waluyo,-7.790705868,110.3711172,430661.3926,9138788.243,,,,,,,,,,,,,,,,
327,Laxston Hotel,Bintang,Bintang Dua,42,Jl. Magelang No. 31,-7.779991073,110.360646,429505.0298,9139971.107,,,,,,,,,,,,,,,,
328,Le Krasak Boutique Hotel,Non Bintang,Melati,24,Jl. Kasak No. 9 Kotabaru,-7.788547597,110.3727241,430838.2168,9139027.118,,,,,,,,,,,,,,,,
329,Lestari Penginapan,Non Bintang,Pondok Wisata,6,Sosrowijayan Kulon GT I/171,-7.79135479,110.3637098,429844.7454,9138715.277,,,,,,,,,,,,,,,,
330,Lia Homestay,Non Bintang,Pondok Wisata,5,Danunegaran MJ III/1075,-7.816801882,110.3656889,430067.1924,9135902.249,,,,,,,,,,,,,,,,
331,Lilik Hotel,Bintang,Bintang Satu,40,Jl. Dagen No. 16,-7.793572529,110.3643735,429918.3025,9138470.201,,,,,,,,,,,,,,,,
332,Limaran 2 Hotel,Non Bintang,Melati,3,Sagan GK V/804,-7.779010862,110.3771905,431329.1386,9140082.196,,,,,,,,,,,,,,,,
333,Limaran Hotel,Non Bintang,Melati,23,Jl. Suryotomo No. 1,-7.801136374,110.3688391,430411.9282,9137634.703,,,,,,,,,,,,,,,,
334,Lina Guest House,Non Bintang,Melati,15,Dagen No. 507,-7.793975841,110.364765,429961.5348,9138425.677,,,,,,,,,,,,,,,,
335,Lintring Coffee and Homestay,Non Bintang,Pondok Wisata,6,Prof Dr. Soepomo No. 30,-7.804928294,110.3902766,432776.1987,9137218.956,,,,,,,,,,,,,,,,
336,Loka Wisata Hotel,Non Bintang,Melati,19,Jl. Nyi Retno Dumilah No. 38,-7.814747752,110.3982917,433661.4649,9136134.62,,,,,,,,,,,,,,,,
337,Lolita Hadi Losmen,Non Bintang,Melati,3,Sosrowijayan Wetan GT 1/59,-7.788212767,110.3624774,429708.342,9139062.445,,,,,,,,,,,,,,,,
338,Londres Bed & Breakfast,Non Bintang,Akomodasi Lain,10,Babaran No. 71,-7.81154558,110.3880611,432532.9797,9136487.017,,,,,,,,,,,,,,,,
339,Losmen 2000 Tiga Harum I ,Non Bintang,Melati,100,Jl. Sosrokusuman DN I No. 174,-7.7940144,110.3669639,430203.9895,9138421.778,,,,,,,,,,,,,,,,
340,Losmen Dimas,Non Bintang,Akomodasi Lain,15,Sosrowijayan Wetan GT I/138,-7.791196755,110.3651374,430002.1362,9138732.986,,,,,,,,,,,,,,,,
341,Losmen Fadel,Non Bintang,Akomodasi Lain,12,Sosrowijayan GT I/135,-7.791052658,110.3639466,429870.813,9138748.719,,,,,,,,,,,,,,,,
342,Losmen Famili ,Non Bintang,Melati,25,Dagen No. 14,-7.793476234,110.364526,429935.0965,9138480.872,,,,,,,,,,,,,,,,
343,Lotus Losmen,Non Bintang,Melati,8,Sosrowijayan Wetan GT I/167,-7.790896149,110.3639069,429866.4049,9138766.016,,,,,,,,,,,,,,,,
344,Lucy 1 Losmen,Non Bintang,Akomodasi Lain,7,Sosrowijayan Wetan 81,-7.79048159,110.3652818,430017.938,9138812.076,,,,,,,,,,,,,,,,
345,Lucy 2 Losmen,Non Bintang,Melati,7,Sosrowijayan Wetan GT 1/87,-7.79096511,110.3652914,430019.0733,9138758.621,,,,,,,,,,,,,,,,
346,Lumayan Penginapan,Non Bintang,Akomodasi Lain,4,Sosrowijayan Kulon GT I/172,-7.79101992,110.3632831,429797.6429,9138752.229,,,,,,,,,,,,,,,,
347,Lynn Hotel By Horison Yogyakarta,Bintang,Bintang Tiga,112,Jl. Jogokariyan No. 82,-7.824252313,110.3668958,430201.4986,9135078.751,,,,,,,,,,,,,,,,
348,Madani Syariah Hotel,Non Bintang,Melati,18,Jl. Cantel Baru II No 1A,-7.79528056,110.3876575,432485.871,9138285.158,,,,,,,,,,,,,,,,
349,Madukoro Hotel,Non Bintang,Melati,30,Jl. Taman Siswa No. 117,-7.812122563,110.3768946,431301.907,9136421.424,,,,,,,,,,,,,,,,
350,Madumurti 33,Non Bintang,Akomodasi Lain,6,Madumurti No. 33,-7.81150108,110.3470556,428011.8828,9136485.154,,,,,,,,,,,,,,,,
351,Maerakaca Hotel,Non Bintang,Melati,22,Jl. RW. Monginsidi No. 22,-7.778181902,110.3633715,429805.2616,9140171.577,,,,,,,,,,,,,,,,
352,Maharani Guest House,Non Bintang,Melati,8,Gg. Sartono MJ 3 No. 811,-7.815308782,110.365655,430063.2087,9136067.316,,,,,,,,,,,,,,,,
353,Makuta Guest House,Non Bintang,Melati,18,Prawirataman 2 No. 839,-7.820185217,110.3708663,430638.5914,9135529.054,,,,,,,,,,,,,,,,
354,Malioboro Garden Hotel,Non Bintang,Melati,32,Sosrokusuman DN I/163,-7.79400103,110.3667741,430183.0599,9138423.224,,,,,,,,,,,,,,,,
355,Malioboro Home Stay,Non Bintang,Pondok Wisata,7,Sosromenduran GT I/310 A,-7.792661671,110.3655725,430050.3455,9138571.101,,,,,,,,,,,,,,,,
356,Malioboro Inn Hotel,Bintang,Bintang Satu,52,Jl. Sosrowijayan No. 23-25,-7.791754238,110.3642482,429904.1833,9138671.205,,,,,,,,,,,,,,,,
357,Malioboro Palace Hotel,Non Bintang,Melati,51,Jl. Sosrowijayan No. 3-5,-7.791810535,110.3654027,430031.4823,9138665.172,,,,,,,,,,,,,,,,
358,Manthili Hotel,Non Bintang,Melati,20,Jl. Sorosutan 6A,-7.81675387,110.3778928,431412.7228,9135909.564,,,,,,,,,,,,,,,,
359,Manunggal Penginapan,Non Bintang,Melati,10,Jl. Nitikan Baru No 2,-7.816731278,110.3832141,431999.408,9135912.924,,,,,,,,,,,,,,,,
360,Maranatha hotel,Non Bintang,Melati,29,Jl. Dagen No 76,-7.79320491,110.3617438,429628.2903,9138510.406,,,,,,,,,,,,,,,,
361,Martha Wisma,Non Bintang,Melati,25,Jl. Rejowinangun No. 15A,-7.81018862,110.4007818,433935.286,9136639.052,,,,,,,,,,,,,,,,
362,Mas Gun Guet House,Non Bintang,Pondok Wisata,9,Jl. Prawirotaman No 36,-7.818882313,110.3712623,430682.0291,9135673.164,,,,,,,,,,,,,,,,
363,Masjid Jogokariyan Penginapan,Non Bintang,Akomodasi Lain,11,Jl. Jogokariyan No. 36,-7.824085544,110.3644816,429935.2994,9135096.787,,,,,,,,,,,,,,,,
364,Masrilinks 2 Wisma,Non Bintang,Akomodasi Lain,10,Suryodiningratan MJ II/915,-7.817371706,110.3592632,429358.8349,9135838.179,,,,,,,,,,,,,,,,
365,Matahari Hotel,Bintang,Bintang Dua,70,Jl. Parangtritis No. 123,-7.821739437,110.3681855,430343.2791,9135356.781,,,,,,,,,,,,,,,,
366,Mataram hotel,Non Bintang,Melati,19,Jl. Pasar Kembang No. 61A,-7.789957036,110.3627432,429737.9382,9138869.648,,,,,,,,,,,,,,,,
367,Mataram II Hotel,Non Bintang,Melati,19,Jl. Kemetiran Lor No. 13,-7.79133925,110.3605061,429491.509,9138716.462,,,,,,,,,,,,,,,,
368,Maturnuwun Homestay,Non Bintang,Akomodasi Lain,4,Sartono No. 828,-7.819565687,110.3664244,430148.7473,9135596.813,,,,,,,,,,,,,,,,
369,Mawar Asri Hotel,Non Bintang,Melati,41,Jl. H. Agus Salim No. 40,-7.804028564,110.3588186,429307.5717,9137313.285,,,,,,,,,,,,,,,,
370,Mawar Herlina Losmen,Non Bintang,Akomodasi Lain,8,Sosrowijayan Wetan GT 1/136,-7.790369628,110.3640688,429884.1716,9138824.253,,,,,,,,,,,,,,,,
371,Mawar Saron Hotel,Non Bintang,Melati,17,Kepuh GK III/1055,-7.781396678,110.3858348,432282.6748,9139819.821,,,,,,,,,,,,,,,,
372,Melati Wisma,Non Bintang,Melati,24,Jl. Pakel Baru No. 34 A,-7.816196511,110.3808496,431738.632,9135971.664,,,,,,,,,,,,,,,,
373,Melia Purosani Hotel,Bintang,Bintang Lima,280,Jl. Suryotomo No. 31,-7.797082042,110.3691284,430443.1562,9138082.985,,,,,,,,,,,,,,,,
374,Mentari Homestay,Non Bintang,Akomodasi Lain,4,Sosrowijayan Wetan GT II/67 RT 08/RW 02,-7.787949631,110.3634628,429816.9462,9139091.701,,,,,,,,,,,,,,,,
375,Merapi Hotel,Non Bintang,Melati,14,Sosrowijayan Wetan GTI/155,-7.787776672,110.3619178,429646.5624,9139110.566,,,,,,,,,,,,,,,,
376,Merbabu Hotel,Non Bintang,Melati,19,Sosrowijayan GT 1/32,-7.788113948,110.3636343,429835.8904,9139073.563,,,,,,,,,,,,,,,,
377,Mercury Green Guest House,Non Bintang,Akomodasi Lain,13,Jl. Gerilya MG 3/595,-7.819531555,110.369042,430437.3385,9135601.02,,,,,,,,,,,,,,,,
378,Metro Guest House,Non Bintang,Melati,47,Prawirotaman No 606,-7.819740784,110.3707307,430623.563,9135578.166,,,,,,,,,,,,,,,,
379,Metro Malioboro Hiving,Non Bintang,Akomodasi Lain,28,Ronodigdayan 16,-7.79346724,110.3741206,430993.0026,9138483.446,,,,,,,,,,,,,,,,
380,Minto Penginapan,Non Bintang,Akomodasi Lain,3,Sosrowijayan Kulon GT I/228,-7.791418569,110.3637419,429848.3049,9138708.231,,,,,,,,,,,,,,,,
381,Mitra Hotel,Non Bintang,Melati,27,Jl. KH. A. Dahlan No. 9,-7.801286404,110.3638184,429858.3817,9137617.285,,,,,,,,,,,,,,,,
382,Mitu 1 Homestay 610,Non Bintang,Vila,3,Pageran Timur 610,-7.816803541,110.3591093,429341.7643,9135900.968,,,,,,,,,,,,,,,,
383,Mitu 2 Homestay 609,Non Bintang,Vila,3,Pugeran Timur No. 609,-7.816803541,110.3591093,429341.7643,9135900.968,,,,,,,,,,,,,,,,
384,Monginsidi Guest House,Non Bintang,Pondok Wisata,8,Jl. Monginsidi No. 7 Jetis,-7.777861592,110.3659666,430091.3464,9140207.418,,,,,,,,,,,,,,,,
385,Monica Hotel,Non Bintang,Melati,20,Jl. Sosrowijayan Wetan GT I/192,-7.790210721,110.3632872,429797.9603,9138841.692,,,,,,,,,,,,,,,,
386,Mulia Kencana Hotel,Non Bintang,Melati,17,Jl. Pasar Kembang No. 15,-7.789942498,110.3651111,429999.026,9138871.648,,,,,,,,,,,,,,,,
387,Mulia Widiastuti Wisma,Non Bintang,Melati,9,Matrijeron MJ3/810,-7.770495483,110.3778734,431403.052,9141023.739,,,,,,,,,,,,,,,,
388,Muria Hotel,Non Bintang,Melati,15,Jl. Prawirotaman 2 No. 600,-7.820018455,110.3690338,430436.5196,9135547.188,,,,,,,,,,,,,,,,
389,Musafira Hotel,Non Bintang,Melati,35,Jl. Surokarsan No. 15,-7.803971299,110.3770172,431314.0928,9137322.622,,,,,,,,,,,,,,,,
390,Museum Batik Hotel,Non Bintang,Melati,20,Jl. Dr. Sutomo No. 13,-7.795484298,110.3772539,431338.813,9138260.957,,,,,,,,,,,,,,,,
391,Mutiara Hotel,Bintang,Bintang Tiga,119,Jl. Malioboro No. 18,-7.794205181,110.3658859,430085.1654,9138400.507,,,,,,,,,,,,,,,,
392,Nagari Hotel,Bintang,Bintang Tiga,46,Jl. Letjend Suprapto,-7.798458513,110.356326,429031.8054,9137928.676,,,,,,,,,,,,,,,,
393,Nanda Ananda R P Wisma,Non Bintang,Melati,18,Ngadinegaran MJ3/72,-7.815881623,110.3639916,429879.9041,9136003.708,,,,,,,,,,,,,,,,
394,Nap Inap Homestay,Non Bintang,Pondok Wisata,4,Timuran No. 84,-7.817494041,110.3696624,430505.4023,9135826.384,,,,,,,,,,,,,,,,
395,Nayotama Homestay,Non Bintang,Akomodasi Lain,7,Pandeyan No. 7 Kalangan Umulharjo,-7.812843151,110.3867322,432386.6669,9136343.349,,,,,,,,,,,,,,,,
396,Ndalem Eyang Dwijo,Non Bintang,Pondok Wisata,10,Cantel GK IV/341,-7.792232169,110.388048,432528.4407,9138622.24,,,,,,,,,,,,,,,,
397,Ndalem Eyang Homestay,Non Bintang,Melati,20,Kemetiran Kidul GT 2/813,-7.79304621,110.3590207,429328.0084,9138527.497,,,,,,,,,,,,,,,,
398,Ndalem Ibu,Non Bintang,Akomodasi Lain,5,Kelurahan No. 216 RT 55/RW 02,-7.770744041,110.3639128,429863.7138,9140993.974,,,,,,,,,,,,,,,,
399,Ndalem Kemetiran,Non Bintang,Pondok Wisata,5,Kemetiran GT 2/671 RT 02/RW 14,-7.792203536,110.3608651,,,,,,,,,,,,,,,,,,
400,Ndalem Kotabaru Guest House,Non Bintang,Akomodasi Lain,14,Jl. Yos Sudarso No 29,-7.788199527,110.3731617,,,,,,,,,,,,,,,,,,
401,Ndalem Maharani Guest House,Non Bintang,Pondok Wisata,10,Jl. Sawojajar No 6,-7.805479138,110.36729,,,,,,,,,,,,,,,,,,
402,Ndalem Mantrijeron Hotel,Non Bintang,Melati,15,Jl. Sartono MJ III/815,-7.819683382,110.3671664,,,,,,,,,,,,,,,,,,
403,Ndalem MJ Homestay,Non Bintang,Akomodasi Lain,10,Surami MJ III/853,-7.820293363,110.3658498,,,,,,,,,,,,,,,,,,
404,Ndalem Ngabean,Non Bintang,Akomodasi Lain,9,Ngadisuryan No 6 Panembahan,-7.809874999,110.3623374,,,,,,,,,,,,,,,,,,
405,Ndalem Ngadiwinatan Homestay,Non Bintang,Pondok Wisata,4,Ngadiwinatan NG 1/1289,-7.799873101,110.3607145,,,,,,,,,,,,,,,,,,
406,Ndalem Panembahan 12 Guest House,Non Bintang,Pondok Wisata,6,Mangunnegaran Kidul No 12 Panembahan,-7.80613055,110.3679062,,,,,,,,,,,,,,,,,,
407,Ndalem Pathuk Homestay Udi,Non Bintang,Pondok Wisata,3,Patuk Dipoyudan NG 1/551,-7.795741643,110.3592713,,,,,,,,,,,,,,,,,,
408,Ndalem Soeratin Guest House,Non Bintang,Akomodasi Lain,10,A.M. Sangaji No 68,-7.774606181,110.3683096,,,,,,,,,,,,,,,,,,
409,Ndalem Suwondo Homestay,Non Bintang,Vila,5,Cokrodingratan JT II/100 RT 11/RW 03,-7.780306874,110.3665209,,,,,,,,,,,,,,,,,,
410,Ndalem Timoho Homestay/Omah Timoho Homestay,Non Bintang,Pondok Wisata,7,"Jl. Kusuma, Gendeng GK 4/904",-7.79289732,110.3914726,,,,,,,,,,,,,,,,,,
411,Nendra Wisma,Non Bintang,Melati,15,Jl. Dagen No. 50,-7.793446301,110.3633484,,,,,,,,,,,,,,,,,,
412,Neneng Penginapan,Non Bintang,Akomodasi Lain,8,Sosrowijayan Kulon GT I/216,-7.791209857,110.3632554,,,,,,,,,,,,,,,,,,
413,Neo Awana Hotel,Bintang,Bintang Tiga,296,Jl. Mayjend Sutoyo 52,-7.815159014,110.3655019,,,,,,,,,,,,,,,,,,
414,Neo Malioboro Hotel,Bintang,Bintang Tiga,154,Jl. Pasar Kembang No 21,-7.789820259,110.3646296,,,,,,,,,,,,,,,,,,
415,New Emilia Malioboro,Non Bintang,Melati,33,Dagen GT I/442 RT 23/RW 05,-7.793078231,110.362407,,,,,,,,,,,,,,,,,,
416,New Saphir Hotel Yogyakarta,Bintang,Bintang Empat,,Jl. Laksda Adi Sucipto No. 38 RT 013/RW 04,-7.783273305,110.391496,,,,,,,,,,,,,,,,,,
417,Nextdoor Homestay,Non Bintang,Pondok Wisata,10,Timuran No 140,-7.816853957,110.3691261,,,,,,,,,,,,,,,,,,
418,Ngampilan Backpacker,Non Bintang,Pondok Wisata,6,Jl. Letjend Suprapto NG1/220 RT 10/RW 02,-7.799467205,110.3558314,,,,,,,,,,,,,,,,,,
419,Nidia Hotel,Non Bintang,Melati,12,Jl. Mangkuyudan No. 59,-7.821708121,110.3670872,,,,,,,,,,,,,,,,,,
420,Nirwana Hotel,Non Bintang,Melati,19,Jl. Taman Siswa No. 9,-7.802646807,110.3787838,,,,,,,,,,,,,,,,,,
421,Novatel Hotel,Non Bintang,Melati,20,Jl. KH Wachid Hasyim No 61,-7.804996126,110.3563729,,,,,,,,,,,,,,,,,,
422,Novi/Suwarno Penginapan,Non Bintang,akomodasi Lain,4,Sosrowijayan Kulon GT I/212,-7.7910823,110.3632876,,,,,,,,,,,,,,,,,,
423,Novotel Hotel,Bintang,Bintang Empat,202,Jl. Jendral Sudirman No. 89,-7.782464105,110.3776149,,,,,,,,,,,,,,,,,,
424,Novotel Suite,Bintang,Bintang Empat,147,Jl. Malioboro No. 52 - 58,-7.792705222,110.3661711,,,,,,,,,,,,,,,,,,
425,Nueve Jogja Hotel,Bintang,Bintang Dua,61,Jl. Mataram No. 9,-7.79574801,110.3689439,,,,,,,,,,,,,,,,,,
426,Nugraha Hotel,Non Bintang,Melati,22,Jl. Ki Ageng Pemanah no. 9 Wirosaban,-7.825544265,110.3790793,,,,,,,,,,,,,,,,,,
427,Nugraha Wisma,Non Bintang,Melati,40,Mantrijeron MJ 3/813,-7.8192373,110.3531888,,,,,,,,,,,,,,,,,,
428,Nuri Losmen,Non Bintang,Melati,12,Sosrowijayan Wetan GT 1 No. 77,-7.791308902,110.3645136,,,,,,,,,,,,,,,,,,
429,Nusantara Hotel,Non Bintang,Melati,21,Jl. Pasar Kembang No. 59,-7.789855629,110.3629432,,,,,,,,,,,,,,,,,,
430,Nusantara Wisma,Non Bintang,Melati,14,Jl. Bugisan No. 48,-7.810487134,110.3499007,,,,,,,,,,,,,,,,,,
431,Oase Hotel,Non Bintang,akomodasi Lain,12,Timuran No. 146,-7.817273503,110.3692922,,,,,,,,,,,,,,,,,,
432,Oke Baik Hotel,Non Bintang,akomodasi Lain,10,Prawirotaman MG III/566,-7.8182462,110.3720156,,,,,,,,,,,,,,,,,,
433,Olympic Hotel,Non Bintang,Melati,93,Jl. Sisingamangaraja No. 21B,-7.82170246,110.3734517,,,,,,,,,,,,,,,,,,
434,Omah Bagyo Homestay/Eastation,Non Bintang,Pondok Wisata,2,Juminahan DN 2 1005,-7.794536927,110.3705405,,,,,,,,,,,,,,,,,,
435,Omah Bumi Homestay,Non Bintang,Pondok Wisata,5,Golo No. 10,-7.81288425,110.3812221,,,,,,,,,,,,,,,,,,
436,Omah Cilik Homestay,Non Bintang,Pondok Wisata,3,Purwokinanti PA 1/350 RT 027/RW005,-7.799302697,110.3739045,,,,,,,,,,,,,,,,,,
437,Omah Eling Penginapan,Non Bintang,akomodasi Lain,14,Suryowijayan No. 22,-7.811289558,110.3557955,,,,,,,,,,,,,,,,,,
438,Omah Gedong Kuning Syariah Homestay,Non Bintang,akomodasi Lain,9,Kusumanegara GG Ganesha KG 1/27,-7.801610483,110.3849186,,,,,,,,,,,,,,,,,,
439,Omah Konco Homestay,Non Bintang,akomodasi Lain,4,Magangan Kulon No. 2,-7.807178919,110.3629512,,,,,,,,,,,,,,,,,,
440,Omah Kulon,Non Bintang,akomodasi Lain,6,Poncowolo No. 24,-7.80578792,110.3459739,,,,,,,,,,,,,,,,,,
441,Omah Lawas Homestay,Non Bintang,Melati,5,Prawirotaman MG III/649,-7.820628934,110.368309,,,,,,,,,,,,,,,,,,
442,Omah Lawas Supriyanto,Non Bintang,Melati,3,Sosrowijayan Wetan GT 1/85A,-7.791003981,110.3633099,,,,,,,,,,,,,,,,,,
443,Omah Mburi Penginapan,Non Bintang,Melati,7,Tukangan Gang Hansip Karno Waloyo Tegalpanggung DN 2/673,-7.790964679,110.3719427,,,,,,,,,,,,,,,,,,
444,Omah Ndelik Sayidan,Non Bintang,Pondok Wisata,3,Gondomanan II/190 RT18/RW06,-7.802659536,110.3706566,,,,,,,,,,,,,,,,,,
445,Omah Pari Hotel,Non Bintang,Melati,17,Jl. Nakulo No. 34,-7.804853626,110.347791,,,,,,,,,,,,,,,,,,
446,Omah Putih Homestay,Non Bintang,Pondok Wisata,3,Jogokaryan No. 68,-7.824077149,110.3658773,,,,,,,,,,,,,,,,,,
447,Omah Qu Guest House,Non Bintang,Melati,8,Jl. Bausasran No. 34,-7.796918833,110.3748909,,,,,,,,,,,,,,,,,,
448,Omah Ratu Homestay,Non Bintang,akomodasi Lain,90,Sukanandi No. 19,-7.797970922,110.3816386,,,,,,,,,,,,,,,,,,
449,Omah Semar Homestay,Non Bintang,Pondok Wisata,14,Jl. Argolobang no. 22 RT 27/RW 07 ,-7.789593954,110.3803496,,,,,,,,,,,,,,,,,,
450,Omah Sorsawo homestay,Non Bintang,akomodasi Lain,10,Joyonegaran MG II/893,-7.806843468,110.3783967,,,,,,,,,,,,,,,,,,
451,Omah uti,Non Bintang,Pondok Wisata,3,Sayidan GM II No. 54 RT18/RW06,-7.801069758,110.3712069,,,,,,,,,,,,,,,,,,
452,Omahe Bagus Homestay,Non Bintang,Pondok Wisata,7,Jagalan Ledok Sari PA I No 41,-7.797730893,110.3704042,,,,,,,,,,,,,,,,,,
453,Orlen Hotel,Bintang,Bintang Satu,33,Jl. C Simnajuntak No. 2,-7.780580833,110.3733452,,,,,,,,,,,,,,,,,,
454,Oryza Hotel,Non Bintang,Melati,15,Jl. Sosrowijayan No. 49 - 51,-7.791512889,110.3627182,,,,,,,,,,,,,,,,,,
455,Otu Hostel,Non Bintang,akomodasi Lain,5,Prawirotaman 1 Gang Gringsing No 517,-7.818024561,110.3703629,,,,,,,,,,,,,,,,,,
456,Pakuncen Malioboro Guesthouse Syariah,Non Bintang,akomodasi Lain,16,Hos Cokroaminoto No. 44,-7.793413009,110.3528706,,,,,,,,,,,,,,,,,,
457,Pakuning Hotel,Non Bintang,Melati,19,Jl. Pakuningratan No 01,-7.780824384,110.3668115,,,,,,,,,,,,,,,,,,
458,Palem Kipas Homestay,Non Bintang,Pondok Wisata,3,Gang Kenanga MJ 3/59 Ngadinegaran,-7.815740056,110.3651107,,,,,,,,,,,,,,,,,,
459,Pamularsih Homestay,Non Bintang,Pondok Wisata,6,Jl. Pamularsih No. 5,-7.80864474,110.3486918,,,,,,,,,,,,,,,,,,
460,Pan Family Hotel,Non Bintang,Melati,5,Jl. Tamansiswa No. 150 F,-7.812842813,110.3755245,,,,,,,,,,,,,,,,,,
461,Panca Dewi Guest House,Non Bintang,akomodasi Lain,7,Mas Suharto No. 36,-7.793341701,110.3714649,,,,,,,,,,,,,,,,,,
462,Pandanaran Hotel,Bintang,Bintang Tiga,118,Jl. Prawirotaman No. 38,-7.819323507,110.3723881,,,,,,,,,,,,,,,,,,
463,Panorama Hotel,Non Bintang,Melati,17,Jl. Sultan Agung No. 95,-7.801403383,110.3783916,,,,,,,,,,,,,,,,,,
464,Pantes hotel,Non Bintang,Melati,19,Sosrokusuman DN 1/142,-7.794304169,110.3659485,,,,,,,,,,,,,,,,,,
465,Paramita Hotel,Non Bintang,Melati,18,Kepuh GK III/936 RT49/RW 13,-7.780736043,110.3866993,,,,,,,,,,,,,,,,,,
466,Parikesit Guesthouse,Non Bintang,Melati,14,Jl. Prawirotaman No. 32,-7.819125362,110.3717144,,,,,,,,,,,,,,,,,,
467,Pasha Homestay,Non Bintang,akomodasi Lain,2,Pasar Kembang No. 29 RT 13/RW 02,-7.789741439,110.3642443,,,,,,,,,,,,,,,,,,
468,Pawon Coklat Guesthouse,Non Bintang,Melati,10,Sosrowijayan Wetan GT 1 no. 102,-7.790360678,110.3654016,,,,,,,,,,,,,,,,,,
469,Pego Homestay Agus,Non Bintang,Pondok Wisata,5,Sosrowijayan Wetan GT 1/75,-7.791230811,110.3641896,,,,,,,,,,,,,,,,,,
470,Pelangi Hotel,Non Bintang,Melati,28,Jl. Wakhid Hasyim No. 99,-7.80661199,110.3562257,,,,,,,,,,,,,,,,,,
471,Pendopo Andari,Non Bintang,Pondok Wisata,6,Yudonegaran GM II No. 232,-7.802731889,110.3682059,,,,,,,,,,,,,,,,,,
472,D'santoso Penginapan,Non Bintang,Pondok Wisata,5,Mataram GG Erwinasis DN 1/ No 267,-7.795372273,110.3693394,,,,,,,,,,,,,,,,,,
473,Mawar Putih Penginapan ,Non Bintang,akomodasi Lain,3,Pajeksan GT I/33 RT 32/RW 08,-7.793451093,110.3646137,,,,,,,,,,,,,,,,,,
474,Prima Penginapan,Non Bintang,Pondok Wisata,10,Pringgokusuman GT 2/587 RT 31/RW 08,-7.792261741,110.3587944,,,,,,,,,,,,,,,,,,
475,Wijilan Go Syariah Penginapan,Non Bintang,Pondok Wisata,6,Panembahan No. 60,-7.804600385,110.3662501,,,,,,,,,,,,,,,,,,
476,Perdana Hotel M Hidayat Wisma,Non Bintang,Melati,20,Jl. Jagran Lor No. 19,-7.789594467,110.3610686,,,,,,,,,,,,,,,,,,
477,Permata Hotel,Non Bintang,Melati,16,Jl. Dagen No. 64,-7.79122379,110.3623794,,,,,,,,,,,,,,,,,,
478,Perwitasari Hotel,Non Bintang,Melati,22,Prawirotaman No. 31,-7.819001391,110.3715077,,,,,,,,,,,,,,,,,,
479,Pesona Artha homestay,Non Bintang,Pondok Wisata,1,Jl. Jlagran No. 7,-7.790558278,110.3602899,,,,,,,,,,,,,,,,,,
480,Pesona tugu hotel,Bintang,Bintang Tiga,133,Jl. P. Diponegoro No. 99 bumijo,-7.782931635,110.3631139,,,,,,,,,,,,,,,,,,
481,Pesona Malioboro Hotel,Bintang,Bintang Tiga,141,Jl. Gadean No. 3,-7.797719233,110.363484,,,,,,,,,,,,,,,,,,
482,Peti Mas Hotel,Non Bintang,Melati,45,Jl. Dagen No. 27,-7.793948791,110.3638406,,,,,,,,,,,,,,,,,,
483,Pi Home Mantrijeron,Non Bintang,akomodasi Lain,10,Ngadinegaran MJ III No. 144,-7.81690169,110.3637276,,,,,,,,,,,,,,,,,,
484,Planteres Guest House,Non Bintang,Pondok Wisata,19,Jl. Urip Sumoharjo No. 100 RT 59/RW 15,-7.783163385,110.3858962,,,,,,,,,,,,,,,,,,
485,Pojok Pas Guest House,Non Bintang,akomodasi Lain,4,Prawirotaman M6 III/514 C,-7.817809661,110.3700424,,,,,,,,,,,,,,,,,,
486,Poncowinatan Hotel,Non Bintang,Melati,32,Jl. Poncowinatan No. 3,-7.782202865,110.3664719,,,,,,,,,,,,,,,,,,
487,Pondok 71,Non Bintang,akomodasi Lain,15,Pugeran MJ 11 No 271,-7.813620113,110.3571611,,,,,,,,,,,,,,,,,,
488,Pondok Cokroaminoto,Non Bintang,Akomodasi Lain,14,HOS Cokroaminoto 209 RT 47/RW 04,-7.782123522,110.3521534,,,,,,,,,,,,,,,,,,
489,Pondok ijo,Non Bintang,Akomodasi Lain,6,Ngadinegaran MJ III/93 RT 11/ RW 03,-7.816763632,110.3647286,,,,,,,,,,,,,,,,,,
490,Pondok Yasmine Heritage Homestay Sumiyono,Non Bintang,Pondok Wisata,5,Jl. Lobaningratan,-7.801376012,110.3712547,,,,,,,,,,,,,,,,,,
491,Pondok Keluarga Mugi Remen,Non Bintang,Akomodasi Lain,7,Minggiran Bru MJ II/942 RT 48/RW 14,-7.820348646,110.360484,,,,,,,,,,,,,,,,,,
492,Pondok Moalim Malioboro,Non Bintang,Akomodasi Lain,16,GG Sosrokusuman DN I/177,-7.793651891,110.3671144,,,,,,,,,,,,,,,,,,
493,Pondok Monggolo,Non Bintang,Akomodasi Lain,4,Sudagaran TR III/820 RT 42/RW 12,-7.793061979,110.3580714,,,,,,,,,,,,,,,,,,
494,Pondok Parador Homestay,Non Bintang,Akomodasi Lain,6,Panjaitan No. 51,-7.8186078,110.3620833,,,,,,,,,,,,,,,,,,
495,Pondok Rejeki,Non Bintang,Akomodasi Lain,5,Sosrowijayan No. 48 RT 15/RW 03,-7.785936736,110.3612408,,,,,,,,,,,,,,,,,,
496,Pondok Safa Homestay,Non Bintang,Akomodasi Lain,2,Sosrowijayan Wetan GT 1/104,-7.791078389,110.3632455,,,,,,,,,,,,,,,,,,
497,Pondok Samodra,Non Bintang,Akomodasi Lain,10,Pajeksan GT I/612 RT 36/RW 09,-7.794505343,110.3642264,,,,,,,,,,,,,,,,,,
498,Pondok Sare,Non Bintang,Akomodasi Lain,8,Jl. Panjaitan GG NGadinegaran MJ III/151,-7.815725944,110.3633014,,,,,,,,,,,,,,,,,,
499,Pondok Terra Vila,Non Bintang,Pondok Wisata,4,Ngadinegaran Gang Melati 103 B,-7.816881544,110.3655477,,,,,,,,,,,,,,,,,,
500,Pondok Tuman Homestay,Non Bintang,Akomodasi Lain,20,Hos Cokroaminoto No. 11A,-7.800421058,110.3518067,,,,,,,,,,,,,,,,,,
501,Pondokan Mataram,Non Bintang,Akomodasi Lain,17,Mataram No. 41,-7.794340631,110.3683916,,,,,,,,,,,,,,,,,,
502,Pop Malioboro Hotel,Bintang,Bintang Dua,103,Jl. Gandekan Lor No. 92,-7.790540919,110.3619955,,,,,,,,,,,,,,,,,,
503,Pop Sangaji Hotel,Bintang,Bintang Dua,150,Jl. AM Sangaji No. 16 - 18,-7.781146934,110.3676449,,,,,,,,,,,,,,,,,,
504,Pop Timoho Hotel,Bintang,Bintang dua,126,Jl. IPDA Tut Harsono No. 11 Mujamuju,-7.798325086,110.3913918,,,,,,,,,,,,,,,,,,
505,Pose In Hotel,Non Bintang,Melati,24,Jl. May Jend Sutoyo no. 62,-7.81451706,110.3663026,,,,,,,,,,,,,,,,,,
506,Prambanan Guest House,Non Bintang,Pondok Wisata,14,Jl. Prawirotaman No. 14,-7.818407514,110.3698625,,,,,,,,,,,,,,,,,,
507,Prambanan Guest House,Non Bintang,Melati,9,Sosrokusuman DN 1/111,-7.793703791,110.3668868,,,,,,,,,,,,,,,,,,
508,Prayogo 3 Hotel,Non Bintang,Melati,18,Jl. Prawirotaman No. 34,-7.819137758,110.3719801,,,,,,,,,,,,,,,,,,
509,prayogo Baru Hotel,Non Bintang,Melati,30,Jl. Prawirotaman 2 MG III No. 611,-7.819109788,110.3716804,,,,,,,,,,,,,,,,,,
510,Prayogo Lama Hotel,Non Bintang,Melati,30,Prawirotaman 1 No. 34,-7.819174042,110.3721368,,,,,,,,,,,,,,,,,,
511,Prima In Hotel,Bintang,Bintang Tiga,77,Jl. Gandekan Lor No. 47,-7.790795451,110.3616368,,,,,,,,,,,,,,,,,,
512,Prime Cailendra Hotel,Non Bintang,Melati,28,Jl. Taman Siswa No. 91,-7.810265358,110.3772219,,,,,,,,,,,,,,,,,,
513,Pringgo Hotel,Non Bintang,Melati,9,Jl. Pringgokusuman No. 4 Gedongtengen,-7.79111404,110.3600961,,,,,,,,,,,,,,,,,,
514,PT Ganesha Dwipaya Bhakti hotel Tasneem,Bintang,Bintang Tiga,62,Jl. Bringjen Katamso Ireda,-7.80850564,110.3711673,,,,,,,,,,,,,,,,,,
515,Pujiati Penginapan ,Non Bintang,Melati,4,Jl. Sosrowijayan Kulon GT I/227,-7.790780478,110.3651165,,,,,,,,,,,,,,,,,,
516,Pules Hotal,Non Bintang,Melati,16,Jl. Mataram No. 88,-7.791476849,110.3676662,,,,,,,,,,,,,,,,,,
517,Pulung Agung hotel,Non Bintang,Melati,16,Jl. Parangtritis 69 Sartono MT III/821,-7.819497517,110.3676235,,,,,,,,,,,,,,,,,,
518,Punto Dewo Hotel,Non Bintang,Melati,17,Jl. Dagen No. 46,-7.793262142,110.3632405,,,,,,,,,,,,,,,,,,
519,Puri Ageng Hotel,Non Bintang,Melati,18,Jl. Ireda no. 141,-7.812460437,110.3718928,,,,,,,,,,,,,,,,,,
520,Puri Ganesha Hotel,Non Bintang,Melati,40,Jl. Mangkuyudan No. 51 Matrijeron,-7.821433779,110.3662821,,,,,,,,,,,,,,,,,,
521,Puri Hotel,Non Bintang,Melati,14,Jl. Sosrokusuman DN I/178,-7.793665872,110.3670487,,,,,,,,,,,,,,,,,,
522,Puri Minggiran Guesthouse,Non Bintang,Akomodasi Lain,7,Minggiran Baru No. 962,-7.820713418,110.3597875,,,,,,,,,,,,,,,,,,
523,Puri Pangeran Hotel,Non Bintang,Melati,41,Jl. Masjid No. 7 Pakualaman,-7.800563142,110.3746208,,,,,,,,,,,,,,,,,,
524,Puri Pertiwi,Non Bintang,Melati,12,Jl. Prawirotaman MG III/171,-7.818334149,110.36911,,,,,,,,,,,,,,,,,,
525,Puri Phunix Homestay,Non Bintang,Pondok Wisata,4,Jl. Bayangkara NG-1 Gang Buntu Ngampilan,-7.799126427,110.3616971,,,,,,,,,,,,,,,,,,
526,Puri Tumenggung Hotel,Non Bintang,Melati,29,Jl. Masjid No. 7 Pakualaman,-7.800204276,110.374948,,,,,,,,,,,,,,,,,,
527,Purwokinanti Homestay Bambang,Non Bintang,Pondok Wisata,2,Purwokinanti PA 1/169,-7.799323957,110.3739689,,,,,,,,,,,,,,,,,,
528,Pusaka Hotel,Non Bintang,Melati,11,Jl. Ketandan Wetan No. 43,-7.794318367,110.3683114,,,,,,,,,,,,,,,,,,
529,Puspa Jaya Homestay,Non Bintang,Pondok Wisata,4,Gedongkiwo MJ I/790 RT 43/RW 09,-7.813875913,110.3529846,,,,,,,,,,,,,,,,,,
530,Puspita hotel,Non Bintang,Melati,19,Jl. mayjen Sutoyo No. 64,-7.814611431,110.3666,,,,,,,,,,,,,,,,,,
531,Puspo Nugroho Hotel,Non Bintang,Melati,30,Sosrokusuman DN I/187,-7.79409702,110.3676449,,,,,,,,,,,,,,,,,,
532,Putra Jaya Guesthouse,Non Bintang,Pondok Wisata,4,Gedongkiwo MJ I/790 RT 43/RW 09,-7.815396231,110.3553574,,,,,,,,,,,,,,,,,,
533,Putra Sabar Hotel,Non Bintang,Melati,42,Jl. Jlagran No. 23,-7.799207171,110.3708207,,,,,,,,,,,,,,,,,,
534,Pyreness Hotel,Bintang,Bintang Dua,28,Jl. Sosrowijayan No. 1,-7.791622711,110.3656056,,,,,,,,,,,,,,,,,,
535,R. Kumala Penginapan,Non Bintang,Pondok Wisata,10,Jl. Mangkuyudan No. 65,-7.821784021,110.3667201,,,,,,,,,,,,,,,,,,
536,Raditya Wisma Eddy Sulistyono,Non Bintang,Melati,27,Jl. Surosutan 2A,-7.816510257,110.378137,,,,,,,,,,,,,,,,,,
537,Raintree Boutique Villa & Gallery,Non Bintang,Akomodasi Lain,6,Melati Weran No. 42 RT 054/RW 014,-7.793006631,110.3662673,,,,,,,,,,,,,,,,,,
538,Rajadani Ackni Hotel,Non Bintang,Melati,22,Jl. Jagalan No. 6,-7.800781776,110.3716336,,,,,,,,,,,,,,,,,,
539,Rama Hotel,Non Bintang,Melati,19,Jl. Sosrowijayan No. 16,-7.789700635,110.3647347,,,,,,,,,,,,,,,,,,
540,Ramli Homestay,Non Bintang,Akomodasi Lain,5,Puri Dukuh Asri A4-6,-7.823153735,110.352953,,,,,,,,,,,,,,,,,,
541,Red Palm Losmen,Non Bintang,Melati,7,Sosrowijayan Wetan GT 1 No. 62,-7.79056404,110.3640755,,,,,,,,,,,,,,,,,,
542,Rejeki Homestay,Non Bintang,Pondok Wisata,6,Sosrowijayan Wetan GT I/70,-7.79065171,110.3650677,,,,,,,,,,,,,,,,,,
543,Rejeki Homestay 2,Non Bintang,Akomodasi Lain,8,Sosrowijayan Wetan GT I/98 RT 07/RW 02,-7.7908363,110.3649926,,,,,,,,,,,,,,,,,,
544,Renaya Griya Guesthouse,Non Bintang,Akomodasi Lain,3,Pakel Baru Selatan No. 13 C Gang Belimbing Dagaran,-7.821251218,110.3797208,,,,,,,,,,,,,,,,,,
545,Rene Hotel,Non Bintang,Melati,16,Jl. P Mangkubumi 57/59,-7.785863397,110.3664528,,,,,,,,,,,,,,,,,,
546,respati Kasih Hotel,Non Bintang,Melati,27,Jl. Surokarsan No. 17,-7.804029625,110.377295,,,,,,,,,,,,,,,,,,
547,Restu Hotel,Non Bintang,Melati,30,Jl. Batikan No. 7,-7.81567999,110.3831277,,,,,,,,,,,,,,,,,,
548,Retno Mudo Losmen,Non Bintang,Melati,45,Jl. Veteran No. 200,-7.815746602,110.386131,,,,,,,,,,,,,,,,,,
549,Ridho Mas Hotel,Non Bintang,Melati,12,Sosrowijayan Wetan GT 1/86 RT 07/RW 02,-7.79103587,110.3633635,,,,,,,,,,,,,,,,,,
550,Riyadi Penginapan,Non Bintang,Akomodasi Lain,3,Sosrowijayan Kulon GT I/217,-7.791633341,110.3655842,,,,,,,,,,,,,,,,,,
551,Roemah Canting Homestay,Non Bintang,Pondok Wisata,11,Jl. Cantel No. 12 Mujamuju Umbulharjo,-7.793855201,110.3880839,,,,,,,,,,,,,,,,,,
552,Roemah Eyang Heritage House,Non Bintang,Melati,9,Kemetiran Kidul GT II No. 726,,,,,,,,,,,,,,,,,,,,
553,Roemah Oma Guesthouse,Non Bintang,Melati,9,Jl. Melati Wetan no. 13 Baciro,,,,,,,,,,,,,,,,,,,,
554,Rosalia Indah Hotel,Bintang,Bintang Dua,38,Jl. Veteran No. 180 A,,,,,,,,,,,,,,,,,,,,
555,Royal Darmo Malioboro Hotel,Bintang,Bintang Empat,50,Jl. Kemetiran Kidul No. 54,,,,,,,,,,,,,,,,,,,,
556,Ruba Graha Hotel,Non Bintang,Melati,46,Jl. Mangkuyudan No. 1,,,,,,,,,,,,,,,,,,,,
557,Rumah Dharma 3 Graha Timoho,Non Bintang,Akomodasi Lain,10,Timoho 2 No. 26,,,,,,,,,,,,,,,,,,,,
558,Rumah Eyang,Non Bintang,Akomodasi Lain,10,Parangtritis Gang Sartono No. 823,,,,,,,,,,,,,,,,,,,,
559,Rumah Haryono,Non Bintang,Akomodasi Lain,10,Ngampilan NG 1/245,,,,,,,,,,,,,,,,,,,,
560,Rumah jawa Guesthouse,Non Bintang,Pondok Wisata,16,Mergangsan Lor MG 2/1081,,,,,,,,,,,,,,,,,,,,
561,Rumah Jokteng Homestay,Non Bintang,Pondok Wisata,3,Jl. Parangtritis no. 17,,,,,,,,,,,,,,,,,,,,
562,Rumah kita B n B,Non Bintang,Akomodasi Lain,5,Ngadinegaran Gang Cempaka Mj 111/45,,,,,,,,,,,,,,,,,,,,
563,Rumah Nagan Homestay,Non Bintang,Akomodasi Lain,10,Nagan Lor No. 1 RT 23/RW 06,,,,,,,,,,,,,,,,,,,,
564,Rumah Pansaitan Homestay,Non Bintang,Pondok Wisata,5,DI Panjaitan No. 42,,,,,,,,,,,,,,,,,,,,
565,Rumah Roso homestay,Non Bintang,Pondok Wisata,10,Jl. Langenarjan Kidul No. 5B,,,,,,,,,,,,,,,,,,,,
566,Rumah Teko,Non Bintang,Pondok Wisata,1,Tejokusuman NG II/423,,,,,,,,,,,,,,,,,,,,
567,Rumah Wukih Penginapan,Non Bintang,Akomodasi Lain,5,Keparakan Kidul Gang Sobari No. 1331 B,,,,,,,,,,,,,,,,,,,,
568,Rumah Yogya 456,Non Bintang,Melati,10,Jl. Ipda tut Harsono no. 51,,,,,,,,,,,,,,,,,,,,
569,Rumah Yogya Homestay,Non Bintang,Akomodasi Lain,6,Pugeran MJ II/331 RT 13/RW 04,,,,,,,,,,,,,,,,,,,,
570,S 5 Guesthouse,Non Bintang,Akomodasi Lain,14,Surokarsan No. 5,,,,,,,,,,,,,,,,,,,,
571,Sabana homestay,Non Bintang,Pondok Wisata,8,Kepuh GK 3/878,,,,,,,,,,,,,,,,,,,,
572,Sae Sae Hostel,Non Bintang,Akomodasi Lain,6,Ngadinegaran MJ III/46 Gang Cempaka,,,,,,,,,,,,,,,,,,,,
573,Safana Hotel,Non Bintang,Melati,15,Jl. Veteran no. 161,,,,,,,,,,,,,,,,,,,,
574,Safari Hotel,Non Bintang,Melati,11,Bausasran DN III No. 968,,,,,,,,,,,,,,,,,,,,
575,Sagan hotel Yogyakarta,Bintang,Bintang Dua,39,Jl. Kartini No. 4,,,,,,,,,,,,,,,,,,,,
576,Sagan Huis Hotel Yogyakarta,Non Bintang,Melati,16,Jl. Sagan Kidul No. 6,,,,,,,,,,,,,,,,,,,,
577,Sakura Hotel,Non Bintang,Melati,20,Jl. Ronodigdayan No. 63,,,,,,,,,,,,,,,,,,,,
578,Sakura Hotel ,Non Bintang,Melati,12,Jl. Sosrowijayan GT I/59,,,,,,,,,,,,,,,,,,,,
579,Sala 1 Hotel,Non Bintang,Melati,26,Jl. Munggur no. 42 RT 15/RW 05 Demangan,,,,,,,,,,,,,,,,,,,,
580,Sala 3 Hotel,Non Bintang,Melati,30,Jl. Prof Dr. H. Yohanes GK V/1060,,,,,,,,,,,,,,,,,,,,
581,Sala 4 Hotel,Non Bintang,Melati,10,Jl. Dagen no. 48,,,,,,,,,,,,,,,,,,,,
582,Sambal Villa,Non Bintang,Akomodasi Lain,5,Ngadinegaran MJ III/110,,,,,,,,,,,,,,,,,,,,
583,Sanca Hotel,Non Bintang,Melati,15,Jl. Sugeng Jeroni No. 70,,,,,,,,,,,,,,,,,,,,
584,Santalum hotel,Non Bintang,Melati,20,Jl. Parangtritis Gang sartono Mantrijeron III/826,,,,,,,,,,,,,,,,,,,,
585,Santika Premiere Jogja Hotel,Non Bintang,Bintang Empat,147,Jl. Jend. Sudirman No. 19,,,,,,,,,,,,,,,,,,,,
586,Santoso hotel,Non Bintang,Melati,15,Jl. Imogiri Timur No. 175,,,,,,,,,,,,,,,,,,,,
587,Sapta Gria hotel,Non Bintang,Melati,15,Jl. Jend. sudirman No.63,,,,,,,,,,,,,,,,,,,,
588,Sargede Wisma,Non Bintang,Melati,32,Jl. Pramuka No. 5 F,,,,,,,,,,,,,,,,,,,,
589,Sari Homestay,Non Bintang,Pondok Wisata,7,Sosrowijayan Wetan GT I/97,,,,,,,,,,,,,,,,,,,,
590,Sartika Hotel,Non Bintang,Melati,16,jl. prawirotaman No. 44,,,,,,,,,,,,,,,,,,,,
591,Sartika Hotel,Non Bintang,Melati,96,Jl. RE Martadinata No. 21,,,,,,,,,,,,,,,,,,,,
592,Sastro Inn,Non Bintang,Pondok Wisata,7,Jl. KH Ahmad Dahlan Ngadiwinatan NG I/1174,,,,,,,,,,,,,,,,,,,,
593,Sastrowihadi losmen,Non Bintang,Melati,12,Sosrowijayan Wetan GT I No. 66,,,,,,,,,,,,,,,,,,,,
594,Satya Graha Hotel,Non Bintang,Melati,75,Veteran No. 147,,,,,,,,,,,,,,,,,,,,
595,S-Chott Hotel,Non Bintang,Melati,19,Jl. Dagen No. 57,,,,,,,,,,,,,,,,,,,,
596,Sekar Ayu hotel,Non Bintang,Melati,20,Jl. Abu Bakar Ali No. 8 Kotabaru,,,,,,,,,,,,,,,,,,,,
597,Selaras Inn Hotel,Non Bintang,Melati,15,Jl. Sosrowijayan No. 45,,,,,,,,,,,,,,,,,,,,
598,Selecta Hotel,Non Bintang,Melati,10,Sosrowijayan Wetan GT I No. 150,,,,,,,,,,,,,,,,,,,,
599,Semo Rejo Abadi Penginapan,Non Bintang,Akomodasi Lain,6,Teratai GG Kelenei GK 4/1128,,,,,,,,,,,,,,,,,,,,
600,Seno Hotel,Non Bintang,Melati,,,,,,,,,,,,,,,,,,,,,,
601,Septia Hotel ,Bintang,Bintang Dua,38,Jl. Pringgokusuman No. 22A,,,,,,,,,,,,,,,,,,,,
602,Seribu Satu Malam Hotel,Non Bintang,Melati,16,Sosrowijayan Wetan Gt I/57,,,,,,,,,,,,,,,,,,,,
603,Setia Backpacker,Non Bintang,Akomodasi Lain,19,Sosrowijayan Wetan GT I/146 Gang 2,,,,,,,,,,,,,,,,,,,,
604,Setia Kawan Losmen,Non Bintang,Melati,10,Sosrowijayan Wetan GT I/58A RT 09/RW 02,,,,,,,,,,,,,,,,,,,,
605,Sewu Bengi Penginapan,Non Bintang,Pondok Wisata,7,Menukan MG III/300 Karangkajen,,,,,,,,,,,,,,,,,,,,
606,Shafira Hotel,Non Bintang,Melati,30,Jl. Letjen Soeprapto No. 127A,,,,,,,,,,,,,,,,,,,,
607,Simple Homestay,Non Bintang,Akomodasi Lain,4,Pasar Kembang 33 RT 13/RW 02,,,,,,,,,,,,,,,,,,,,
608,Simply Home Guesthouse Unit Wirosaban,Non Bintang,Akomodasi Lain,4,Wirosaban Barat Kav 5,,,,,,,,,,,,,,,,,,,,
609,Simply Home Malioboro,Non Bintang,Akomodasi Lain,6,Tegalpanggung No. 32,,,,,,,,,,,,,,,,,,,,
610,Simply Homy guesthouse Malioboro I,Non Bintang,Melati,3,Jl. Tegalpanggung No. 44,,,,,,,,,,,,,,,,,,,,
611,Simply Homy Homestay,Non Bintang,Akomodasi Lain,4,Umbul III,,,,,,,,,,,,,,,,,,,,
612,Simply Homy Unit Bintaran,Non Bintang,Akomodasi Lain,6,Bintaran Kidul No. 26,,,,,,,,,,,,,,,,,,,,
613,Sinar Mawar Putih Penginapan,Non Bintang,Melati,15,Jl. Batikan no. 100,,,,,,,,,,,,,,,,,,,,
614,Sis Ningsih Homestay ,Non Bintang,Akomodasi Lain,2,Sosrowijayan Wetan GT I/104,,,,,,,,,,,,,,,,,,,,
615,Sis Bagyo Homestay,Non Bintang,Akomodasi Lain,2,Sosrowijayan Wetan GT I/104,,,,,,,,,,,,,,,,,,,,
616,Sky Hotel,Bintang,Bintang Satu,21,Jl. Hayam Wuruk No. 51,,,,,,,,,,,,,,,,,,,,
617,Snooze Homestay,Non Bintang,Akomodasi Lain,11,Mangunnegaran Kulon No. 9,,,,,,,,,,,,,,,,,,,,
618,Sofyan Inn Hotel Unisi,Bintang,Bintang Dua,71,Jl. Pasar Kembang No. 42,,,,,,,,,,,,,,,,,,,,
619,Sri Kencono Hotel,Non Bintang,Melati,35,Jl. Batikan No. 1 A,,,,,,,,,,,,,,,,,,,,
620,Sri Manganti Hotel,Non Bintang,Melati,17,Jl. Urip Sumoharjoo No. 101,,,,,,,,,,,,,,,,,,,,
621,Sri Timur Hotel,Non Bintang,Melati,20,Jl. Parangtritis No. 69,,,,,,,,,,,,,,,,,,,,
622,Sri Wijaya Hotel,Non Bintang,Melati,6,Jl. Kemetiran Kidul No. 23,,,,,,,,,,,,,,,,,,,,
623,Srikandi Hotel,Non Bintang,Melati,10,Badran JT I/52A,,,,,,,,,,,,,,,,,,,,
624,Sriwijaya 2 Hotel,Non Bintang,Melati,12,Jl. Gandekan lor No. 3,,,,,,,,,,,,,,,,,,,,
625,Stay Alkid rika,Non Bintang,Pondok Wisata,3,Jl. Langenastran Lor No. 6C,,,,,,,,,,,,,,,,,,,,
626,Suma Homestay,Non Bintang,Pondok Wisata,4,Sosrowijayan Wetan GT I/159 RT 11/RW 02,,,,,,,,,,,,,,,,,,,,
627,Sumaryo Hotel,Non Bintang,Melati,28,Jl. Prawirotaman No. 22,,,,,,,,,,,,,,,,,,,,
628,Summer Quest Hotel,Non Bintang,Melati,40,Jl. Sosrowijayan Gang Sosromeduran,,,,,,,,,,,,,,,,,,,,
629,Summer Season Boutique hotel,Non Bintang,Melati,45,Jl. Sosrowijayan No. 6,,,,,,,,,,,,,,,,,,,,
630,Sunarko Hotel,Non Bintang,Melati,16,Jl. Parangtritis No. 105,,,,,,,,,,,,,,,,,,,,
631,Supalana Hotel,Non Bintang,Melati,14,Sosrowijayan Wetan GT I/151,,,,,,,,,,,,,,,,,,,,
632,Supermen Losmen,Non Bintang,Melati,12,Sosrowijayan Wetan GT I No. 99,,,,,,,,,,,,,,,,,,,,
633,Surya Citra Jogja Hotel,Non Bintang,Melati,50,Jl. Veteran no. 143,,,,,,,,,,,,,,,,,,,,
634,Surya Putri hotel,Non Bintang,Melati,25,Jl. Tukangan No. 29,,,,,,,,,,,,,,,,,,,,
635,Surya Puri Hotel,Non Bintang,Melati,16,Jl. Suryatmajan No. 39,,,,,,,,,,,,,,,,,,,,
636,Suryo Losmen,Non Bintang,Melati,7,Sosrowijayan Wetan GT I/145 RT 017/RW 002,,,,,,,,,,,,,,,,,,,,
637,Sweet Home Homestay,Non Bintang,Pondok Wisata,11,Pajeksan Lor GT I/164,,,,,,,,,,,,,,,,,,,,
638,Swiss Bel Boutique Hotel,Bintang,Bintang Empat,122,Jl. Jend. Sudirman No. 69,,,,,,,,,,,,,,,,,,,,
639,Syafalla Gh,Non Bintang,Akomodasi Lain,12,Rejowinangun No 26 B RT04/RW 01,,,,,,,,,,,,,,,,,,,,
640,Taman Yuwono Heritage Malioboro,Non Bintang,Melati,10,Jl. Dagen Komplek Taman yuwono No. 11,,,,,,,,,,,,,,,,,,,,
641,Tamansari Hotel,Non Bintang,Melati,19,Jl. Let Jend S Parman No. 5,,,,,,,,,,,,,,,,,,,,
642,Tanjung Hotel,Non Bintang,Melati,7,Jl. Gajah Mada No. 50,,,,,,,,,,,,,,,,,,,,
643,Tapan Wisma,Non Bintang,Melati,7,Jl. HJlagran No. 7,,,,,,,,,,,,,,,,,,,,
644,Tara Hotel,Bintang,Bintang Empat,102,Jl. Magelang no. 129,,,,,,,,,,,,,,,,,,,,
645,Tasik Jogja,Non Bintang,Melati,29,Jl. Bantul No. 47,,,,,,,,,,,,,,,,,,,,
646,Tegalpanggung Guesthouse,Non Bintang,Melati,8,Jl. Tegalpanggung No. 39 Danurejan,,,,,,,,,,,,,,,,,,,,
647,Tentrem Hotel,Bintang,Bintang Lima,274,Jl. AM Sangaji No 72 A,,,,,,,,,,,,,,,,,,,,
648,Terban Jusup Penginapan,Non Bintang,Pondok Wisata,13,Terban GK 5/410 RT 14/ RW 03,,,,,,,,,,,,,,,,,,,,
649,The 101 Yogyakarta Tugu,Bintang,Bintang Empat,150,Jl. Margo Utomo No. 103,,,,,,,,,,,,,,,,,,,,
650,The 1061 Home Hotel And Residence,Non Bintang,Melati,9,Jl. Prof. Dr. Supomo,,,,,,,,,,,,,,,,,,,,
651,The Cabin Hotel,Non Bintang,Melati,19,Jl. Gandekan Lor No. 2,,,,,,,,,,,,,,,,,,,,
652,The Cube Hotel,Bintang,Bintang Tiga,60,Jl. Parangtritis No. 16,,,,,,,,,,,,,,,,,,,,
653,The Deep Purple Homestay,Non Bintang,Pondok Wisata,17,Gedongkiwo MJ 1/784,,,,,,,,,,,,,,,,,,,,
654,The Grand Palace Hotel,Bintang,Bintang Tiga,62,Jl. Mangkuyudan no. 32,,,,,,,,,,,,,,,,,,,,
655,The Journey Hotel,Non Bintang,Melati,13,Sorosutan No. 2E,,,,,,,,,,,,,,,,,,,,
656,The Kresna Hotel,Non Bintang,Melati,7,Jl. D I Panjaitan No. 52,,,,,,,,,,,,,,,,,,,,
657,The Munajat Backpacker Hotel,Non Bintang,Melati,5,Jl. Malioboro No 26 Sosrokusuman DN I,,,,,,,,,,,,,,,,,,,,
658,The packer Lodge,Non Bintang,Melati,14,Dagen No. 3,,,,,,,,,,,,,,,,,,,,
659,The Phoenix/Grand Mercure Hotel,Bintang,Bintang Lima,153,Jl. Jend. Sudirman No. 9,,,,,,,,,,,,,,,,,,,,
660,The Srikandi Hotel,Non Bintang,Melati,10,Jl. Kebon Dalem 2A Mangkubumi,,,,,,,,,,,,,,,,,,,,
661,The Wayang Homestay,Non Bintang,Pondok Wisata,5,Jl. D I Panjaitan Minggiran GG. Pisang No 1017,,,,,,,,,,,,,,,,,,,,
662,Tickle Hotel,Bintang,Bintang Dua,44,Jl. Urip Sumoharjo No. 64,,,,,,,,,,,,,,,,,,,,
663,Tiffa Losmen Gandi,Non Bintang,Akomodasi Lain,9,Sosrowijayan wetan Gang II GT II/122,,,,,,,,,,,,,,,,,,,,
664,Tiga Lima Hoestay Sela Mirsa Sari,Non Bintang,Pondok Wisata,10,Jl. Affandi Kepuh GK 3/973,,,,,,,,,,,,,,,,,,,,
665,Timur Hotel,Non Bintang,Melati,30,Jl. Gedong Kuning Pilahan 142,,,,,,,,,,,,,,,,,,,,
666,Tirta Sanita Hotel,Non Bintang,Melati,22,Jl. Pramuka No. 30 Umbulharjo,,,,,,,,,,,,,,,,,,,,
667,Tirto 27 Guest House,Non Bintang,Pondok Wisata,7,Jl. Tirtodipuran No. 27,,,,,,,,,,,,,,,,,,,,
668,Tjokro Style Yogyakarta Hotel,Bintang,Bintang Tiga,99,Jl. Menteri Supeno No. 48 Umbulharjo,,,,,,,,,,,,,,,,,,,,
669,Top Malioboro Hotel Zodiak Hotel,Bintang,Bintang Dua,81,Jl. Hos Cokroaminoto No. 145,,,,,,,,,,,,,,,,,,,,
670,TPY Hotel,Non Bintang,Melati,14,Jl. Kyai Guno Mrico Kampung Mrican,,,,,,,,,,,,,,,,,,,,
671,Tribata Hotel,Non Bintang,Melati,27,Jl. Tribata No. 2B,,,,,,,,,,,,,,,,,,,,
672,Trim Satu Hotel,Non Bintang,Melati,16,Jl. Am Sangaji No. 37 Jetis,,,,,,,,,,,,,,,,,,,,
673,Tropis Homestay,Non Bintang,Melati,10,Jl. Prawirotaman I No. 5A,,,,,,,,,,,,,,,,,,,,
674,Tulips Hotel Rest,Non Bintang,Melati,12,Jl. Tirtodipuran No. 42,,,,,,,,,,,,,,,,,,,,
675,Uniq Hotel,Bintang,Bintang Dua,53,Jl. Magelang No. 61 Kricak,,,,,,,,,,,,,,,,,,,,
676,Usaha Penginapan Sigit,Non Bintang,Pondok Wisata,6,mantrijeron MJ 3/911,,,,,,,,,,,,,,,,,,,,
677,Utar Losmen,Non Bintang,Akomodasi Lain,14,Sosrowijayan Wetan GT 1/161,,,,,,,,,,,,,,,,,,,,
678,Utara Hotel,Non Bintang,Melati,26,Jl. Magelang No. 25,,,,,,,,,,,,,,,,,,,,
679,Vala Hotel,Bintang,Bintang Satu,18,Jl. Bausasran No. 2,,,,,,,,,,,,,,,,,,,,
680,Venezia Homestay,Non Bintang,Pondok Wisata,9,Jl. Surami No. 55,,,,,,,,,,,,,,,,,,,,
681,Via Via Guest House,Non Bintang,Melati,10,Jl. Prawirotaman MG III/514A,,,,,,,,,,,,,,,,,,,,
682,Violet Hotel,Non Bintang,Melati,33,Jl. Bhayangkara GK I No. 1133,,,,,,,,,,,,,,,,,,,,
683,Virgo Hotel,Non Bintang,Melati,6,Sosrowijayan Wetan GT I/148,,,,,,,,,,,,,,,,,,,,
684,Virgo Sentot Losmen,Non Bintang,Akomodasi Lain,6,Sosrowijayan Wetan GT 1/125,,,,,,,,,,,,,,,,,,,,
685,Wakeup Homestay,Non Bintang,Melati,2,Jl. Gandekan Lor No. 44,,,,,,,,,,,,,,,,,,,,
686,Welangkap Wisma,Non Bintang,Akomodasi Lain,11,Mawar IV/ 80 - 81,,,,,,,,,,,,,,,,,,,,
687,Westay Jogja Homestay,Non Bintang,Akomodasi Lain,4,Permadi RT 02/RW 01 Golo,,,,,,,,,,,,,,,,,,,,
688,Whiz Hotel Yogyakarta,Bintang,Bintang Dua,100,Jl. Dagen No. 8 Malioboro,,,,,,,,,,,,,,,,,,,,
689,Whiz Prime Hotel Malioboro,Bintang,Bintang Tiga,122,Pasar Kembang No. 9,,,,,,,,,,,,,,,,,,,,
690,Widodo Penginapan,Non Bintang,Pondok Wisata,12,Sosrowijayan Kulon GT 1/177,,,,,,,,,,,,,,,,,,,,
691,Wijaya Kusuma Hotel,Non Bintang,Melati,30,Jl. Kenari No. 3B,,,,,,,,,,,,,,,,,,,,
692,Wijilan Sawojajar 1 Homestay,Non Bintang,Akomodasi Lain,5,Sawojajar No. 1,,,,,,,,,,,,,,,,,,,,
693,Wilis Hotel,Non Bintang,Melati,25,Jl. Sultan Agung No. 12 A,,,,,,,,,,,,,,,,,,,,
694,Wini Backpacker Penginapan,Non Bintang,Akomodasi Lain,16,Ngadimulyo TR 3 RT 42/ RW 12,,,,,,,,,,,,,,,,,,,,
695,Winotosastro Garden Hotel,Non Bintang,Melati,29,Jl. Parangtritis No. 92 A,,,,,,,,,,,,,,,,,,,,
696,Winotosastro Hotel,Non Bintang,Melati,19,Jl. Parangtritis No. 67,,,,,,,,,,,,,,,,,,,,
697,Wisma Hasta Wisata Hotel,Non Bintang,Melati,15,Sosrokusuman DN 1 No. 119,,,,,,,,,,,,,,,,,,,,
698,Wisma Nendra Hotel,Non Bintang,Melati,26,Jl. Dr. Sutomo No. 20,,,,,,,,,,,,,,,,,,,,
699,Wisma Orange Homestay,Non Bintang,Akomodasi Lain,4,Pajeksan GT 1/721 RT 41/RW 11,,,,,,,,,,,,,,,,,,,,
700,Wisma Ride,Non Bintang,Pondok Wisata,15,Sapen GK 1/565,,,,,,,,,,,,,,,,,,,,
701,Wisnu Graha Hotel,Non Bintang,Melati,34,Jl. Kusuma Negara No. 114,,,,,,,,,,,,,,,,,,,,
702,Wolu Guesthouse,Non Bintang,Akomodasi Lain,6,Ngadisuryan No. 8,,,,,,,,,,,,,,,,,,,,
703,Wonderlust Homestay,Non Bintang,Akomodasi Lain,10,Sosrowijayan Kulon GT 1/202 RT 15/RW 03,,,,,,,,,,,,,,,,,,,,
704,Wood Stone Hostel,Non Bintang,Akomodasi Lain,3,Ngadinegaran GG Kenanga MJ 3 No. 63 RT 14/RW 01,,,,,,,,,,,,,,,,,,,,
705,Yats Colony Hotel,Non Bintang,Melati,36,Patangpuluhan No. 23,,,,,,,,,,,,,,,,,,,,
706,YBNB Homestay,Non Bintang,Pondok Wisata,5,Jl. Sastrodipuran No. 19,,,,,,,,,,,,,,,,,,,,
707,Yellow Bobo House,Non Bintang,Vila,3,Jl. Ireda No. 71,,,,,,,,,,,,,,,,,,,,
708,Yes Yes Yes Hostel,Non Bintang,Akomodasi Lain,5,Prawirotaman MG III/509,,,,,,,,,,,,,,,,,,,,
709,Yobel,Non Bintang,Akomodasi Lain,7,Pakuningratan No. 24 RT 10/RW 03,,,,,,,,,,,,,,,,,,,,
710,Yogya Kembali Hotel,Non Bintang,Melati,20,Jl. KH. A. Dahlan No. 25,,,,,,,,,,,,,,,,,,,,
711,Yogya Moon Hotel,Non Bintang,Melati,12,Jl. Kemetiran No. 21,,,,,,,,,,,,,,,,,,,,
712,Yogya Plaza Hotel,Bintang,Bintang Satu,54,Jl. Tribrata no. 1A,,,,,,,,,,,,,,,,,,,,
713,Yogyakarta Homestay,Non Bintang,Melati,15,Jl. Parangtritis No. 106,,,,,,,,,,,,,,,,,,,,
714,Yulia Griya Singgah,Non Bintang,Akomodasi Lain,3,Purwokinanti,,,,,,,,,,,,,,,,,,,,
715,Zamrud Hotel,Non Bintang,Melati,15,Jl. Sosrokusuman DN 1/180,,,,,,,,,,,,,,,,,,,,
716,Zamrud Malioboro,Non Bintang,Akomodasi Lain,16,Tegalpanggung No. 50 RT 52/RW 12,,,,,,,,,,,,,,,,,,,,
717,Zest Hotel,Bintang,Bintang Dua,106,Jl. Gajah Mada No. 28,,,,,,,,,,,,,,,,,,,,
,,,,,,,,,,,,,,,,,,,,,,,,,
,,,,,,,,,,,,,,,,,,,,,,,,,
,,,,,,,,,,,,,,,,,,,,,,,,,
,,,,,,,,,,,,,,,,,,,,,,,,,
,,,,,,,,,,,,,,,,,,,,,,,,,
,,,,,,,,,,,,,,,,,,,,,,,,,
,,,,,,,,,,,,,,,,,,,,,,,,,
,,,,,,,,,,,,,,,,,,,,,,,,,
,,,,,,,,,,,,,,,,,,,,,,,,,
,,,,,,,,,,,,,,,,,,,,,,,,,
,,,,,,,,,,,,,,,,,,,,,,,,,
,,,,,,,,,,,,,,,,,,,,,,,,,
,,,,,,,,,,,,,,,,,,,,,,,,,
,,,,,,,,,,,,,,,,,,,,,,,,,
,,,,,,,,,,,,,,,,,,,,,,,,,
,,,,,,,,,,,,,,,,,,,,,,,,,
,,,,,,,,,,,,,,,,,,,,,,,,,
,,,,,,,,,,,,,,,,,,,,,,,,,
,,,,,,,,,,,,,,,,,,,,,,,,,
,,,,,,,,,,,,,,,,,,,,,,,,,
,,,,,,,,,,,,,,,,,,,,,,,,,
,,,,,,,,,,,,,,,,,,,,,,,,,
,,,,,,,,,,,,,,,,,,,,,,,,,
,,,,,,,,,,,,,,,,,,,,,,,,,
,,,,,,,,,,,,,,,,,,,,,,,,,
,,,,,,,,,,,,,,,,,,,,,,,,,
,,,,,,,,,,,,,,,,,,,,,,,,,
,,,,,,,,,,,,,,,,,,,,,,,,,
,,,,,,,,,,,,,,,,,,,,,,,,,
,,,,,,,,,,,,,,,,,,,,,,,,,
,,,,,,,,,,,,,,,,,,,,,,,,,
,,,,,,,,,,,,,,,,,,,,,,,,,
,,,,,,,,,,,,,,,,,,,,,,,,,
,,,,,,,,,,,,,,,,,,,,,,,,,
,,,,,,,,,,,,,,,,,,,,,,,,,
,,,,,,,,,,,,,,,,,,,,,,,,,
,,,,,,,,,,,,,,,,,,,,,,,,,
,,,,,,,,,,,,,,,,,,,,,,,,,
,,,,,,,,,,,,,,,,,,,,,,,,,
,,,,,,,,,,,,,,,,,,,,,,,,,
,,,,,,,,,,,,,,,,,,,,,,,,,
,,,,,,,,,,,,,,,,,,,,,,,,,
,,,,,,,,,,,,,,,,,,,,,,,,,
,,,,,,,,,,,,,,,,,,,,,,,,,
,,,,,,,,,,,,,,,,,,,,,,,,,
,,,,,,,,,,,,,,,,,,,,,,,,,
,,,,,,,,,,,,,,,,,,,,,,,,,
,,,,,,,,,,,,,,,,,,,,,,,,,
,,,,,,,,,,,,,,,,,,,,,,,,,
,,,,,,,,,,,,,,,,,,,,,,,,,
,,,,,,,,,,,,,,,,,,,,,,,,,
,,,,,,,,,,,,,,,,,,,,,,,,,
,,,,,,,,,,,,,,,,,,,,,,,,,
,,,,,,,,,,,,,,,,,,,,,,,,,
,,,,,,,,,,,,,,,,,,,,,,,,,
,,,,,,,,,,,,,,,,,,,,,,,,,
,,,,,,,,,,,,,,,,,,,,,,,,,
,,,,,,,,,,,,,,,,,,,,,,,,,
,,,,,,,,,,,,,,,,,,,,,,,,,
,,,,,,,,,,,,,,,,,,,,,,,,,
,,,,,,,,,,,,,,,,,,,,,,,,,
,,,,,,,,,,,,,,,,,,,,,,,,,
,,,,,,,,,,,,,,,,,,,,,,,,,
,,,,,,,,,,,,,,,,,,,,,,,,,
,,,,,,,,,,,,,,,,,,,,,,,,,
,,,,,,,,,,,,,,,,,,,,,,,,,
,,,,,,,,,,,,,,,,,,,,,,,,,
,,,,,,,,,,,,,,,,,,,,,,,,,
,,,,,,,,,,,,,,,,,,,,,,,,,
,,,,,,,,,,,,,,,,,,,,,,,,,
,,,,,,,,,,,,,,,,,,,,,,,,,
,,,,,,,,,,,,,,,,,,,,,,,,,
,,,,,,,,,,,,,,,,,,,,,,,,,
,,,,,,,,,,,,,,,,,,,,,,,,,
,,,,,,,,,,,,,,,,,,,,,,,,,
,,,,,,,,,,,,,,,,,,,,,,,,,
,,,,,,,,,,,,,,,,,,,,,,,,,
,,,,,,,,,,,,,,,,,,,,,,,,,
,,,,,,,,,,,,,,,,,,,,,,,,,
,,,,,,,,,,,,,,,,,,,,,,,,,
,,,,,,,,,,,,,,,,,,,,,,,,,
,,,,,,,,,,,,,,,,,,,,,,,,,
,,,,,,,,,,,,,,,,,,,,,,,,,
,,,,,,,,,,,,,,,,,,,,,,,,,
,,,,,,,,,,,,,,,,,,,,,,,,,
,,,,,,,,,,,,,,,,,,,,,,,,,
,,,,,,,,,,,,,,,,,,,,,,,,,
,,,,,,,,,,,,,,,,,,,,,,,,,
,,,,,,,,,,,,,,,,,,,,,,,,,
,,,,,,,,,,,,,,,,,,,,,,,,,
,,,,,,,,,,,,,,,,,,,,,,,,,
,,,,,,,,,,,,,,,,,,,,,,,,,
,,,,,,,,,,,,,,,,,,,,,,,,,
,,,,,,,,,,,,,,,,,,,,,,,,,
,,,,,,,,,,,,,,,,,,,,,,,,,
,,,,,,,,,,,,,,,,,,,,,,,,,
,,,,,,,,,,,,,,,,,,,,,,,,,
,,,,,,,,,,,,,,,,,,,,,,,,,
,,,,,,,,,,,,,,,,,,,,,,,,,
,,,,,,,,,,,,,,,,,,,,,,,,,
,,,,,,,,,,,,,,,,,,,,,,,,,
,,,,,,,,,,,,,,,,,,,,,,,,,
,,,,,,,,,,,,,,,,,,,,,,,,,
,,,,,,,,,,,,,,,,,,,,,,,,,
,,,,,,,,,,,,,,,,,,,,,,,,,
,,,,,,,,,,,,,,,,,,,,,,,,,
,,,,,,,,,,,,,,,,,,,,,,,,,
,,,,,,,,,,,,,,,,,,,,,,,,,
,,,,,,,,,,,,,,,,,,,,,,,,,
,,,,,,,,,,,,,,,,,,,,,,,,,
,,,,,,,,,,,,,,,,,,,,,,,,,
,,,,,,,,,,,,,,,,,,,,,,,,,
,,,,,,,,,,,,,,,,,,,,,,,,,
,,,,,,,,,,,,,,,,,,,,,,,,,
,,,,,,,,,,,,,,,,,,,,,,,,,
,,,,,,,,,,,,,,,,,,,,,,,,,
,,,,,,,,,,,,,,,,,,,,,,,,,
,,,,,,,,,,,,,,,,,,,,,,,,,
,,,,,,,,,,,,,,,,,,,,,,,,,
,,,,,,,,,,,,,,,,,,,,,,,,,
,,,,,,,,,,,,,,,,,,,,,,,,,
,,,,,,,,,,,,,,,,,,,,,,,,,
,,,,,,,,,,,,,,,,,,,,,,,,,
,,,,,,,,,,,,,,,,,,,,,,,,,
,,,,,,,,,,,,,,,,,,,,,,,,,
,,,,,,,,,,,,,,,,,,,,,,,,,
,,,,,,,,,,,,,,,,,,,,,,,,,
,,,,,,,,,,,,,,,,,,,,,,,,,
,,,,,,,,,,,,,,,,,,,,,,,,,
,,,,,,,,,,,,,,,,,,,,,,,,,
,,,,,,,,,,,,,,,,,,,,,,,,,
,,,,,,,,,,,,,,,,,,,,,,,,,
,,,,,,,,,,,,,,,,,,,,,,,,,
,,,,,,,,,,,,,,,,,,,,,,,,,
,,,,,,,,,,,,,,,,,,,,,,,,,
,,,,,,,,,,,,,,,,,,,,,,,,,
,,,,,,,,,,,,,,,,,,,,,,,,,
,,,,,,,,,,,,,,,,,,,,,,,,,
,,,,,,,,,,,,,,,,,,,,,,,,,
,,,,,,,,,,,,,,,,,,,,,,,,,
,,,,,,,,,,,,,,,,,,,,,,,,,
,,,,,,,,,,,,,,,,,,,,,,,,,
,,,,,,,,,,,,,,,,,,,,,,,,,
,,,,,,,,,,,,,,,,,,,,,,,,,
,,,,,,,,,,,,,,,,,,,,,,,,,
,,,,,,,,,,,,,,,,,,,,,,,,,
,,,,,,,,,,,,,,,,,,,,,,,,,
,,,,,,,,,,,,,,,,,,,,,,,,,
,,,,,,,,,,,,,,,,,,,,,,,,,
,,,,,,,,,,,,,,,,,,,,,,,,,
,,,,,,,,,,,,,,,,,,,,,,,,,
,,,,,,,,,,,,,,,,,,,,,,,,,
,,,,,,,,,,,,,,,,,,,,,,,,,
,,,,,,,,,,,,,,,,,,,,,,,,,
,,,,,,,,,,,,,,,,,,,,,,,,,
,,,,,,,,,,,,,,,,,,,,,,,,,
,,,,,,,,,,,,,,,,,,,,,,,,,
,,,,,,,,,,,,,,,,,,,,,,,,,
,,,,,,,,,,,,,,,,,,,,,,,,,
,,,,,,,,,,,,,,,,,,,,,,,,,
,,,,,,,,,,,,,,,,,,,,,,,,,
,,,,,,,,,,,,,,,,,,,,,,,,,
,,,,,,,,,,,,,,,,,,,,,,,,,
,,,,,,,,,,,,,,,,,,,,,,,,,
,,,,,,,,,,,,,,,,,,,,,,,,,
,,,,,,,,,,,,,,,,,,,,,,,,,
,,,,,,,,,,,,,,,,,,,,,,,,,
,,,,,,,,,,,,,,,,,,,,,,,,,
,,,,,,,,,,,,,,,,,,,,,,,,,
,,,,,,,,,,,,,,,,,,,,,,,,,
,,,,,,,,,,,,,,,,,,,,,,,,,
,,,,,,,,,,,,,,,,,,,,,,,,,
,,,,,,,,,,,,,,,,,,,,,,,,,
,,,,,,,,,,,,,,,,,,,,,,,,,
,,,,,,,,,,,,,,,,,,,,,,,,,
,,,,,,,,,,,,,,,,,,,,,,,,,
,,,,,,,,,,,,,,,,,,,,,,,,,
,,,,,,,,,,,,,,,,,,,,,,,,,
,,,,,,,,,,,,,,,,,,,,,,,,,
,,,,,,,,,,,,,,,,,,,,,,,,,
,,,,,,,,,,,,,,,,,,,,,,,,,
,,,,,,,,,,,,,,,,,,,,,,,,,
,,,,,,,,,,,,,,,,,,,,,,,,,
,,,,,,,,,,,,,,,,,,,,,,,,,
,,,,,,,,,,,,,,,,,,,,,,,,,
,,,,,,,,,,,,,,,,,,,,,,,,,
,,,,,,,,,,,,,,,,,,,,,,,,,
,,,,,,,,,,,,,,,,,,,,,,,,,
,,,,,,,,,,,,,,,,,,,,,,,,,
,,,,,,,,,,,,,,,,,,,,,,,,,
,,,,,,,,,,,,,,,,,,,,,,,,,
,,,,,,,,,,,,,,,,,,,,,,,,,
,,,,,,,,,,,,,,,,,,,,,,,,,
,,,,,,,,,,,,,,,,,,,,,,,,,
,,,,,,,,,,,,,,,,,,,,,,,,,
,,,,,,,,,,,,,,,,,,,,,,,,,
,,,,,,,,,,,,,,,,,,,,,,,,,
,,,,,,,,,,,,,,,,,,,,,,,,,
,,,,,,,,,,,,,,,,,,,,,,,,,
,,,,,,,,,,,,,,,,,,,,,,,,,
,,,,,,,,,,,,,,,,,,,,,,,,,
,,,,,,,,,,,,,,,,,,,,,,,,,
,,,,,,,,,,,,,,,,,,,,,,,,,
,,,,,,,,,,,,,,,,,,,,,,,,,
,,,,,,,,,,,,,,,,,,,,,,,,,
,,,,,,,,,,,,,,,,,,,,,,,,,
,,,,,,,,,,,,,,,,,,,,,,,,,
,,,,,,,,,,,,,,,,,,,,,,,,,
,,,,,,,,,,,,,,,,,,,,,,,,,
,,,,,,,,,,,,,,,,,,,,,,,,,
,,,,,,,,,,,,,,,,,,,,,,,,,
,,,,,,,,,,,,,,,,,,,,,,,,,
,,,,,,,,,,,,,,,,,,,,,,,,,
,,,,,,,,,,,,,,,,,,,,,,,,,
,,,,,,,,,,,,,,,,,,,,,,,,,
,,,,,,,,,,,,,,,,,,,,,,,,,
,,,,,,,,,,,,,,,,,,,,,,,,,
,,,,,,,,,,,,,,,,,,,,,,,,,
,,,,,,,,,,,,,,,,,,,,,,,,,
,,,,,,,,,,,,,,,,,,,,,,,,,
,,,,,,,,,,,,,,,,,,,,,,,,,
,,,,,,,,,,,,,,,,,,,,,,,,,
,,,,,,,,,,,,,,,,,,,,,,,,,
,,,,,,,,,,,,,,,,,,,,,,,,,
,,,,,,,,,,,,,,,,,,,,,,,,,
,,,,,,,,,,,,,,,,,,,,,,,,,
,,,,,,,,,,,,,,,,,,,,,,,,,
,,,,,,,,,,,,,,,,,,,,,,,,,
,,,,,,,,,,,,,,,,,,,,,,,,,
,,,,,,,,,,,,,,,,,,,,,,,,,
,,,,,,,,,,,,,,,,,,,,,,,,,
,,,,,,,,,,,,,,,,,,,,,,,,,
,,,,,,,,,,,,,,,,,,,,,,,,,
,,,,,,,,,,,,,,,,,,,,,,,,,
,,,,,,,,,,,,,,,,,,,,,,,,,
,,,,,,,,,,,,,,,,,,,,,,,,,
,,,,,,,,,,,,,,,,,,,,,,,,,
,,,,,,,,,,,,,,,,,,,,,,,,,
,,,,,,,,,,,,,,,,,,,,,,,,,
,,,,,,,,,,,,,,,,,,,,,,,,,
,,,,,,,,,,,,,,,,,,,,,,,,,
,,,,,,,,,,,,,,,,,,,,,,,,,
,,,,,,,,,,,,,,,,,,,,,,,,,
,,,,,,,,,,,,,,,,,,,,,,,,,
,,,,,,,,,,,,,,,,,,,,,,,,,
,,,,,,,,,,,,,,,,,,,,,,,,,
,,,,,,,,,,,,,,,,,,,,,,,,,
,,,,,,,,,,,,,,,,,,,,,,,,,
,,,,,,,,,,,,,,,,,,,,,,,,,
,,,,,,,,,,,,,,,,,,,,,,,,,
,,,,,,,,,,,,,,,,,,,,,,,,,
,,,,,,,,,,,,,,,,,,,,,,,,,
,,,,,,,,,,,,,,,,,,,,,,,,,
,,,,,,,,,,,,,,,,,,,,,,,,,
,,,,,,,,,,,,,,,,,,,,,,,,,
,,,,,,,,,,,,,,,,,,,,,,,,,
,,,,,,,,,,,,,,,,,,,,,,,,,
,,,,,,,,,,,,,,,,,,,,,,,,,
,,,,,,,,,,,,,,,,,,,,,,,,,
,,,,,,,,,,,,,,,,,,,,,,,,,
,,,,,,,,,,,,,,,,,,,,,,,,,
,,,,,,,,,,,,,,,,,,,,,,,,,
,,,,,,,,,,,,,,,,,,,,,,,,,
,,,,,,,,,,,,,,,,,,,,,,,,,
,,,,,,,,,,,,,,,,,,,,,,,,,
,,,,,,,,,,,,,,,,,,,,,,,,,
,,,,,,,,,,,,,,,,,,,,,,,,,
,,,,,,,,,,,,,,,,,,,,,,,,,
,,,,,,,,,,,,,,,,,,,,,,,,,
,,,,,,,,,,,,,,,,,,,,,,,,,
,,,,,,,,,,,,,,,,,,,,,,,,,
,,,,,,,,,,,,,,,,,,,,,,,,,
,,,,,,,,,,,,,,,,,,,,,,,,,
,,,,,,,,,,,,,,,,,,,,,,,,,
,,,,,,,,,,,,,,,,,,,,,,,,,
,,,,,,,,,,,,,,,,,,,,,,,,,
,,,,,,,,,,,,,,,,,,,,,,,,,
,,,,,,,,,,,,,,,,,,,,,,,,,
,,,,,,,,,,,,,,,,,,,,,,,,,
,,,,,,,,,,,,,,,,,,,,,,,,,
